chimpcode,ratercode,sex,community,chimp_YOB,month,day,year,rater_start_year,rater_end_year,chimp_start_year,chimp_end_year,first_expr,last_expr,hpq_midpoint_yr,hpq_age_firstexpr,hpq_age_lastexpr,hpq_midpoint_age,dom.raw,sol.raw,impl.raw,symp.raw,stbl.raw,invt.raw,depd.raw,soc.raw,thotl.raw,help.raw,exct.raw,inqs.raw,decs.raw,indv.raw,reckl.raw,sens.raw,unem.raw,cur.raw,vuln.raw,actv.raw,pred.raw,conv.raw,cool.raw,innov.raw,n_hpq_missing,dom.meansub,sol.meansub,impl.meansub,symp.meansub,stbl.meansub,invt.meansub,depd.meansub,soc.meansub,thotl.meansub,help.meansub,exct.meansub,inqs.meansub,decs.meansub,indv.meansub,reckl.meansub,sens.meansub,unem.meansub,cur.meansub,vuln.meansub,actv.meansub,pred.meansub,conv.meansub,cool.meansub,innov.meansub,chimpcode.1,dominance,extraversion,conscientiousness,agreeableness,neuroticism
K262,O,1,1,1972,10,11,2010,1987,2007,1972,2012,1987,2007,1997,15,35,25,7,2,2,7,1,6,6,5,5,5,7,5,6,2,3,5,2,6,3,5,7,5,5,5,0,7,2,2,7,1,6,6,5,5,5,7,5,6,2,3,5,2,6,3,5,7,5,5,5,K262,5,5.5,6,5.666666667,7
J234,O,1,1,1977,10,11,2010,1987,2007,1977,2012,1987,2007,1997,10,30,20,5,1,2,3,2,5,4,5,1,5,6,5,6,2,5,7,1,5,2,7,6,1,3,5,0,5,1,2,3,2,5,4,5,1,5,6,5,6,2,5,7,1,5,2,7,6,1,3,5,J234,5,6.25,5,5,6
U150,F,0,1,1969,10,13,2010,1980,2009,1969,1983,1980,1983,1981.5,11,14,12.5,1,NA,3,4,6,3,4,4,3,4,2,3,6,7,4,4,6,6,7,7,5,5,4,3,1,1,3.355895197,3,4,6,3,4,4,3,4,2,3,6,7,4,4,6,6,7,7,5,5,4,3,U150,3.666666667,4.161026201,4.666666667,4,2
N319,F,1,1,1969,10,13,2010,1980,2009,1973,2002,1980,2002,1991,11,33,22,7,4,4,5,7,4,7,7,4,7,6,4,7,5,7,7,4,4,5,7,7,5,4,7,0,7,4,4,5,7,4,7,7,4,7,6,4,7,5,7,7,4,4,5,7,7,5,4,7,N319,5,5.25,4,6.333333333,3.5
Q96,F,0,1,1969,10,13,2010,1980,2009,1969,1994,1980,1994,1987,11,25,18,6,7,7,4,4,6,4,4,2,4,6,4,7,7,4,6,4,3,7,4,6,7,7,3,0,6,7,7,4,4,6,4,4,2,4,6,4,7,7,4,6,4,3,7,4,6,7,7,3,Q96,5.666666667,2.5,3.666666667,4.666666667,5
X261,F,0,1,1969,10,13,2010,1980,2009,1983,2007,1983,2007,1995,14,38,26,7,7,6,4,7,5,4,4,3,5,4,4,7,7,1,6,4,5,7,5,4,7,7,4,0,7,7,6,4,7,5,4,4,3,5,4,4,7,7,1,6,4,5,7,5,4,7,7,4,X261,6,2.75,4.333333333,5,2.5
Q461,F,0,1,1970,10,13,2010,1980,2009,1970,2003,1980,2003,1991.5,10,33,21.5,1,7,4,4,6,2,1,1,4,1,2,2,7,7,1,7,4,1,5,6,4,1,4,2,0,1,7,4,4,6,2,1,1,4,1,2,2,7,7,1,7,4,1,5,6,4,1,4,2,Q461,5,2.25,5,4,2
J295,F,0,1,1970,10,13,2010,1980,2009,1970,2012,1980,2009,1994.5,10,39,24.5,7,2,4,6,6,5,5,7,4,7,5,5,7,7,4,6,5,6,7,5,5,4,7,6,0,7,2,4,6,6,5,5,7,4,7,5,5,7,7,4,6,5,6,7,5,5,4,7,6,J295,5.666666667,4.75,4.333333333,6.333333333,3.5
D191,F,1,1,1971,10,13,2010,1980,2009,1971,2012,1980,2009,1994.5,9,38,23.5,7,4,7,7,7,7,7,7,4,7,6,4,7,7,7,7,7,4,5,4,5,4,7,7,0,7,4,7,7,7,7,7,7,4,7,6,4,7,7,7,7,7,4,5,4,5,4,7,7,D191,5,4,2.333333333,7,3.5
W359,F,0,1,1970,10,13,2010,1980,2009,1992,2010,1992,2009,2000.5,22,39,30.5,4,7,7,4,7,4,4,7,4,5,5,4,7,6,2,5,4,4,6,7,4,5,5,4,0,4,7,7,4,7,4,4,7,4,5,5,4,7,6,2,5,4,4,6,7,4,5,5,4,W359,5,4.25,3.666666667,4.666666667,3
Y342,F,1,1,1971,10,13,2010,1980,2009,1978,1986,1980,1986,1983,9,15,12,4,4,3,3,7,4,6,7,1,7,1,1,6,7,2,4,3,4,6,7,7,5,4,4,0,4,4,3,3,7,4,6,7,1,7,1,1,6,7,2,4,3,4,6,7,7,5,4,4,Y342,4,4.75,6,4.666666667,1
W399,F,1,1,1971,10,13,2010,1980,2009,1971,1998,1980,1998,1989,9,27,18,7,6,5,6,5,4,6,7,6,7,7,4,6,4,2,6,5,4,7,6,4,4,7,6,0,7,6,5,6,5,4,6,7,6,7,7,4,6,4,2,6,5,4,7,6,4,4,7,6,W399,5,4.75,4.333333333,6.333333333,5
L22,P,0,1,1960,10,11,2010,1977,2005,1963,1987,1977,1987,1982,17,27,22,4,6,1,2,1,NA,7,7,6,1,2,1,2,7,7,1,7,2,3,1,NA,6,3,2,2,4,6,1,2,1,3.945533769,7,7,6,1,2,1,2,7,7,1,7,2,3,1,3.817982456,6,3,2,L22,2.333333333,2.75,3.939327485,1.333333333,4.5
M26,F,0,1,1972,10,13,2010,1980,2009,1972,1991,1980,1991,1985.5,8,19,13.5,4,5,1,1,2,2,4,4,1,4,4,1,5,7,1,1,1,1,2,7,7,7,6,4,0,4,5,1,1,2,2,4,4,1,4,4,1,5,7,1,1,1,1,2,7,7,7,6,4,M26,4.333333333,3.75,7,2,5
G195,F,0,1,1977,10,13,2010,1980,2009,1977,1983,1980,1983,1981.5,3,6,4.5,7,4,1,7,7,5,4,7,4,7,3,4,6,6,4,6,4,6,6,5,6,4,7,7,0,7,4,1,7,7,5,4,7,4,7,3,4,6,6,4,6,4,6,6,5,6,4,7,7,G195,5.666666667,4.5,5.666666667,6.666666667,2
M162,F,1,1,1976,10,13,2010,1980,2009,1976,1990,1980,1990,1985,4,14,9,1,2,1,1,2,1,4,4,1,1,1,4,4,1,1,1,1,1,4,6,1,1,1,1,0,1,2,1,1,2,1,4,4,1,1,1,4,4,1,1,1,1,1,4,6,1,1,1,1,M162,3,5.75,5,1,3.5
T215,F,1,1,1973,10,13,2010,1980,2009,1973,1986,1980,1986,1983,7,13,10,1,1,3,3,5,4,6,7,4,7,4,1,1,1,3,5,4,4,6,7,6,2,4,6,0,1,1,3,3,5,4,6,7,4,7,4,1,1,1,3,5,4,4,6,7,6,2,4,6,T215,1.333333333,7,5.333333333,5,3.5
J448,F,1,1,1984,10,13,2010,1980,2009,1984,1990,1984,1990,1987,0,6,3,1,1,1,1,2,2,4,4,2,1,NA,1,4,4,1,1,1,1,7,2,1,1,1,4,1,1,1,1,1,2,2,4,4,2,1,3.713347921,1,4,4,1,1,1,1,7,2,1,1,1,4,J448,3,4.25,5,1,4.856673961
J452,F,0,1,1978,10,13,2010,1980,2009,1978,1990,1980,1990,1985,2,12,7,4,4,2,4,6,6,5,6,2,7,1,2,7,7,2,4,4,4,2,2,2,1,1,4,0,4,4,2,4,6,6,5,6,2,7,1,2,7,7,2,4,4,4,2,2,2,1,1,4,J452,4.666666667,3.25,4.666666667,5,1.5
H275,F,0,1,1978,10,13,2010,1980,2009,1978,1985,1980,1985,1982.5,2,7,4.5,1,1,1,1,1,1,4,4,1,4,1,1,4,1,1,1,1,1,4,1,1,1,1,6,0,1,1,1,1,1,1,4,4,1,4,1,1,4,1,1,1,1,1,4,1,1,1,1,6,H275,3,4.75,5,2,4
V128,F,1,1,1985,10,13,2010,1980,2009,1985,1992,1985,1992,1988.5,0,7,3.5,1,1,1,1,2,1,1,7,1,2,1,1,4,2,1,1,1,1,4,4,1,1,4,4,0,1,1,1,1,2,1,1,7,1,2,1,1,4,2,1,1,1,1,4,4,1,1,4,4,V128,4,6,5,1.333333333,3.5
T362,O,1,1,1977,10,11,2010,1987,2007,1977,2007,1987,2007,1997,10,30,20,5,4,2,2,4,5,3,5,3,5,5,5,7,2,7,5,1,5,2,5,6,2,3,5,0,5,4,2,2,4,5,3,5,3,5,5,5,7,2,7,5,1,5,2,5,6,2,3,5,T362,5.666666667,5,4.333333333,4,4.5
Z329,G,0,1,1919,10,14,2010,1972,2005,1963,1972,1972,1972,1972,53,53,53,2,2,NA,6,5,6,7,6,2,7,6,7,7,7,1,1,6,1,7,6,6,4,5,6,1,2,2,3.520697168,6,5,6,7,6,2,7,6,7,7,7,1,1,6,1,7,6,6,4,5,6,Z329,3.333333333,4.75,5.826434277,4.666666667,4.5
G103,G,1,1,1936,10,14,2010,1972,2005,1963,1975,1972,1975,1973.5,36,39,37.5,7,2,6,1,4,7,1,7,1,1,6,2,7,7,1,7,7,4,4,4,1,4,4,6,0,7,2,6,1,4,7,1,7,1,1,6,2,7,7,1,7,7,4,4,4,1,4,4,6,G103,7,4.5,3.333333333,3,5
P302,G,1,1,1937,10,14,2010,1972,2005,1963,1975,1972,1975,1973.5,35,38,36.5,7,1,4,1,1,1,7,7,1,7,7,7,7,2,1,7,1,7,2,1,7,1,7,2,0,7,1,4,1,1,1,7,7,1,7,7,7,7,2,1,7,1,7,2,1,7,1,7,2,P302,5,5.25,6,5,7
T466,G,1,1,1946,10,15,2010,1972,2005,1963,1981,1972,1981,1976.5,26,35,30.5,7,1,6,2,2,6,7,7,5,6,5,5,6,6,6,4,2,6,3,5,5,6,6,6,0,7,1,6,2,2,6,7,7,5,6,5,5,6,6,6,4,2,6,3,5,5,6,6,6,T466,4.666666667,5.25,3,4,5.5
P186,G,1,1,1944,10,15,2010,1972,2005,1963,1972,1972,1972,1972,28,28,28,5,6,6,3,4,5,7,7,2,6,5,4,4,5,5,4,4,5,3,5,5,2,6,5,0,5,6,6,3,4,5,7,7,2,6,5,4,4,5,5,4,4,5,3,5,5,2,6,5,P186,3.333333333,4.25,3.333333333,4.333333333,4.5
W148,G,0,1,1941,10,15,2010,1972,2005,1966,1987,1972,1987,1979.5,31,46,38.5,NA,2,4,2,3,2,6,6,2,3,2,2,6,6,2,2,2,3,6,4,5,5,5,7,1,3.40087146,2,4,2,3,2,6,6,2,3,2,2,6,6,2,2,2,3,6,4,5,5,5,7,W148,3.800290487,4.5,5,2.333333333,3.5
E163,G,1,1,1938,10,15,2010,1972,2005,1963,1975,1972,1975,1973.5,34,37,35.5,6,5,4,2,3,5,2,2,2,6,5,4,6,6,6,6,4,4,4,6,5,2,6,6,0,6,5,4,2,3,5,2,2,2,6,5,4,6,6,6,6,4,4,4,6,5,2,6,6,E163,6,3.25,3.666666667,4.666666667,5
G333,G,1,1,1947,10,15,2010,1972,2005,1963,1975,1972,1975,1973.5,25,28,26.5,6,6,6,3,4,6,6,6,6,6,5,5,6,5,5,4,2,6,6,6,5,2,6,6,0,6,6,6,3,4,6,6,6,6,6,5,5,6,5,5,4,2,6,6,6,5,2,6,6,G333,4.666666667,4.25,3.333333333,4.333333333,4.5
A412,G,0,1,1945,10,15,2010,1972,2005,1963,1975,1972,1975,1973.5,27,30,28.5,3,5,2,5,2,2,2,4,2,4,2,2,4,5,2,3,6,2,3,2,2,5,6,6,0,3,5,2,5,2,2,2,4,2,4,2,2,4,5,2,3,6,2,3,2,2,5,6,6,A412,4.333333333,3,4.666666667,4,4
P80,G,1,1,1949,10,15,2010,1972,2005,1963,1975,1972,1975,1973.5,23,26,24.5,5,2,4,5,3,4,6,6,3,6,5,4,6,3,3,3,3,5,5,3,5,4,6,7,0,5,2,4,5,3,4,6,6,3,6,5,4,6,3,3,3,3,5,5,3,5,4,6,7,P80,4.333333333,5,4.666666667,4.666666667,5
N161,O,1,1,1977,10,11,2010,1987,2007,1977,2012,1987,2007,1997,10,30,20,5,3,3,6,2,5,2,5,2,5,5,5,4,2,1,5,2,5,2,5,3,2,2,5,0,5,3,3,6,2,5,2,5,2,5,5,5,4,2,1,5,2,5,2,5,3,2,2,5,N161,5,5.25,5,5.333333333,5.5
F17,G,1,1,1948,10,15,2010,1972,2005,1965,1974,1972,1974,1973,24,26,25,4,2,4,5,3,5,5,6,4,6,5,6,5,4,4,3,4,5,6,6,4,5,6,7,0,4,2,4,5,3,5,5,6,4,6,5,6,5,4,4,3,4,5,6,6,4,5,6,7,F17,4,5.5,4,4.666666667,5
C154,G,0,1,1949,10,15,2010,1972,2005,1963,1986,1972,1986,1979,23,37,30,4,2,2,6,3,2,6,6,3,6,5,4,6,4,3,2,3,3,2,3,4,2,5,6,0,4,2,2,6,3,2,6,6,3,6,5,4,6,4,3,2,3,3,2,3,4,2,5,6,C154,4,4.75,5,4.666666667,5
C332,G,0,1,1949,10,15,2010,1972,2005,1964,1982,1972,1982,1977,23,33,28,6,6,4,2,3,4,5,6,4,6,3,5,5,3,3,3,2,4,6,6,6,3,6,5,0,6,6,4,2,3,4,5,6,4,6,3,5,5,3,3,3,2,4,6,6,6,3,6,5,C332,4.666666667,4.75,5,3.666666667,4
H389,G,0,1,1950,10,16,2010,1972,2005,1965,1987,1972,1987,1979.5,22,37,29.5,1,2,6,4,2,2,4,1,4,1,2,3,1,6,2,1,4,1,4,7,4,5,4,1,0,1,2,6,4,2,2,4,1,4,1,2,3,1,6,2,1,4,1,4,7,4,5,4,1,H389,2,4,4,2,4
U376,G,1,1,1953,10,16,2010,1972,2005,1963,1982,1972,1982,1977,19,29,24,7,1,7,5,4,6,5,7,4,7,7,6,6,7,6,6,2,6,6,6,6,6,7,7,0,7,1,7,5,4,6,5,7,4,7,7,6,6,7,6,6,2,6,6,6,6,6,7,7,U376,5.333333333,5.25,3,6,5.5
C141,G,1,1,1953,10,16,2010,1972,2005,1965,1974,1972,1974,1973,19,21,20,5,6,4,5,3,3,6,6,3,6,4,6,6,3,2,2,3,4,5,4,4,4,7,7,0,5,6,4,5,3,3,6,6,3,6,4,6,6,3,2,2,3,4,5,4,4,4,7,7,C141,4.333333333,4.25,4.666666667,4.333333333,4.5
R475,G,1,1,1951,10,16,2010,1972,2005,1963,1977,1972,1977,1974.5,21,26,23.5,6,1,6,2,5,6,4,6,6,6,4,5,5,4,6,6,3,6,6,6,6,4,6,7,0,6,1,6,2,5,6,4,6,6,6,4,5,5,4,6,6,3,6,6,6,6,4,6,7,R475,5,5.75,3.333333333,4.666666667,3.5
U228,G,1,1,1952,10,16,2010,1972,2005,1963,1993,1972,1993,1982.5,20,41,30.5,7,4,3,6,2,2,5,4,1,6,6,6,7,4,6,5,2,6,6,6,6,6,7,6,0,7,4,3,6,2,2,5,4,1,6,6,6,7,4,6,5,2,6,6,6,6,6,7,6,U228,5.666666667,4.5,4.333333333,5.666666667,6
B89,G,0,1,1952,10,16,2010,1972,2005,1965,1987,1972,1987,1979.5,20,35,27.5,5,6,5,5,4,5,6,6,5,5,5,6,5,4,4,4,2,5,5,3,5,4,6,6,0,5,6,5,5,4,5,6,6,5,5,5,6,5,4,4,4,2,5,5,3,5,4,6,6,B89,4,3.75,4,4.666666667,4.5
Q277,O,0,1,1978,10,11,2010,1987,2007,2000,2012,2000,2007,2003.5,22,29,25.5,5,2,3,2,3,5,3,5,2,5,5,5,6,2,1,5,2,5,3,5,6,2,3,5,0,5,2,3,2,3,5,3,5,2,5,5,5,6,2,1,5,2,5,3,5,6,2,3,5,Q277,5.333333333,5.5,6,4,5
H340,G,0,1,1954,10,16,2010,1972,2005,1963,1993,1972,1993,1982.5,18,39,28.5,7,1,4,6,6,4,3,6,4,6,3,5,5,3,4,5,5,5,6,4,5,5,6,7,0,7,1,4,6,6,4,3,6,4,6,3,5,5,3,4,5,5,5,6,4,5,5,6,7,H340,5.666666667,5.5,4.333333333,5.666666667,2.5
X489,G,0,1,1953,10,16,2010,1972,2005,1965,1975,1972,1975,1973.5,19,22,20.5,2,5,2,2,3,3,2,2,3,2,2,2,3,4,3,3,5,2,2,3,3,3,3,3,0,2,5,2,2,3,3,2,2,3,2,2,2,3,4,3,3,5,2,2,3,3,3,3,3,X489,3.666666667,3,4.666666667,2.333333333,3.5
R312,G,0,1,1952,10,16,2010,1972,2005,1965,1982,1972,1982,1977,20,30,25,2,6,3,5,4,3,2,2,2,5,3,4,4,5,4,5,3,3,3,3,3,2,3,3,0,2,6,3,5,4,3,2,2,2,5,3,4,4,5,4,5,3,3,3,3,3,2,3,3,R312,4,2.5,4,5,3.5
Q315,G,1,1,1956,10,16,2010,1972,2005,1964,1987,1972,1987,1979.5,16,31,23.5,6,2,5,6,3,5,6,6,3,6,5,6,6,6,6,6,4,6,6,4,5,5,6,7,0,6,2,5,6,3,5,6,6,3,6,5,6,6,6,6,6,4,6,6,4,5,5,6,7,Q315,4.666666667,4.5,3.333333333,6,5
D38,G,0,1,1956,10,16,2010,1972,2005,1963,1987,1972,1987,1979.5,16,31,23.5,6,3,3,6,4,4,6,6,5,6,3,4,3,4,5,4,2,5,5,6,6,6,6,6,0,6,3,3,6,4,4,6,6,5,6,3,4,3,4,5,4,2,5,5,6,6,6,6,6,D38,3.666666667,5.25,4.666666667,5.333333333,3.5
I142,G,1,1,1955,10,16,2010,1972,2005,1965,1987,1972,1987,1979.5,17,32,24.5,6,2,4,5,4,6,6,6,3,6,4,4,5,5,5,4,4,4,3,3,4,6,6,6,0,6,2,4,5,4,6,6,6,3,6,4,4,5,5,5,4,4,4,3,3,4,6,6,6,I142,4.333333333,4.5,3.666666667,5,4
M203,G,1,1,1961,10,16,2010,1972,2005,1967,1979,1972,1979,1975.5,11,18,14.5,4,6,3,4,2,3,6,3,4,3,3,3,3,3,2,3,2,2,3,2,3,2,6,7,0,4,6,3,4,2,3,6,3,4,3,3,3,3,3,2,3,2,2,3,2,3,2,6,7,M203,3,3,4.666666667,3.333333333,4.5
W10,G,0,1,1960,10,16,2010,1972,2005,1963,1979,1972,1979,1975.5,12,19,15.5,2,3,2,6,3,2,6,5,5,5,3,3,2,3,2,3,3,3,2,3,3,2,5,6,0,2,3,2,6,3,2,6,5,5,5,3,3,2,3,2,3,3,3,2,3,3,2,5,6,W10,2,4.5,5,4.666666667,4
Y440,G,1,1,1959,10,16,2010,1972,2005,1964,1977,1972,1977,1974.5,13,18,15.5,4,5,3,6,4,5,6,6,5,5,3,4,6,6,3,4,3,3,4,2,3,3,4,6,0,4,5,3,6,4,5,6,6,5,5,3,4,6,6,3,4,3,3,4,2,3,3,4,6,Y440,4,3.25,4.333333333,5,3.5
S250,P,0,1,1958,10,11,2010,1977,2005,1971,2012,1977,2005,1991,19,47,33,4,1,2,3,2,3,4,2,6,7,5,6,1,7,2,3,7,6,2,4,7,5,6,2,0,4,1,2,3,2,3,4,2,6,7,5,6,1,7,2,3,7,6,2,4,7,5,6,2,S250,3,3.5,6.333333333,4.333333333,5.5
K205,G,0,1,1961,10,16,2010,1972,2005,1973,1981,1973,1981,1977,12,20,16,7,6,5,3,3,3,5,6,3,4,3,4,4,6,NA,NA,NA,NA,NA,2,3,2,4,6,5,7,6,5,3,3,3,5,6,3,4,3,4,4,6,2.97167756,4.437908497,3.430131004,3.840611354,3.777777778,2,3,2,4,6,K205,4.666666667,3,3.67610748,3.812636166,4
D152,G,0,1,1958,10,16,2010,1972,2005,1963,2004,1972,2004,1988,14,46,30,7,7,2,7,6,6,6,7,2,7,3,6,3,6,2,5,2,6,4,2,2,2,7,7,0,7,7,2,7,6,6,6,7,2,7,3,6,3,6,2,5,2,6,4,2,2,2,7,7,D152,4,3,4.666666667,6.333333333,2.5
I355,G,0,1,1965,10,16,2010,1972,2005,1965,1983,1972,1983,1977.5,7,18,12.5,6,5,6,1,4,5,3,2,5,2,2,2,2,5,6,4,3,2,4,5,2,2,3,5,0,6,5,6,1,4,5,3,2,5,2,2,2,2,5,6,4,3,2,4,5,2,2,3,5,I355,4.333333333,3.25,2,2.333333333,3
G334,G,0,1,1965,10,16,2010,1972,2005,1965,1980,1972,1980,1976,7,15,11,2,6,2,3,2,3,NA,3,2,4,2,2,3,3,3,3,4,2,3,3,3,4,4,5,1,2,6,2,3,2,3,4.234135667,3,2,4,2,2,3,3,3,3,4,2,3,3,3,4,4,5,G334,2.921954778,3.25,4.666666667,3.333333333,4
H275,G,0,1,1978,10,16,2010,1972,2005,1978,1985,1978,1985,1981.5,0,7,3.5,5,6,4,4,5,6,6,7,2,6,4,3,3,3,3,3,NA,3,3,3,3,3,5,6,1,5,6,4,4,5,6,6,7,2,6,4,3,3,3,3,3,3.430131004,3,3,3,3,3,5,6,H275,3.333333333,4.25,4,4.333333333,3.5
D138,O,0,1,1978,10,11,2010,1987,2007,1985,2012,1987,2007,1997,9,29,19,5,2,3,2,4,5,2,5,2,5,5,5,6,2,6,5,2,5,3,5,6,3,2,5,0,5,2,3,2,4,5,2,5,2,5,5,5,6,2,6,5,2,5,3,5,6,3,2,5,D138,5.666666667,5.5,4.333333333,4,4.5
G195,G,0,1,1977,10,16,2010,1972,2005,1977,1983,1977,1983,1980,0,6,3,3,2,2,5,3,2,3,3,3,5,2,2,2,3,3,2,2,3,3,2,2,2,2,4,0,3,2,2,5,3,2,3,3,3,5,2,2,2,3,3,2,2,3,3,2,2,2,2,4,G195,3.333333333,4,4.333333333,4,3.5
U150,G,0,1,1969,10,16,2010,1972,2005,1969,1983,1972,1983,1977.5,3,14,8.5,3,3,4,3,3,5,5,6,4,5,3,3,3,4,3,3,4,4,4,4,3,4,5,7,0,3,3,4,3,3,5,5,6,4,5,3,3,3,4,3,3,4,4,4,4,3,4,5,7,U150,3,4.75,4,3.666666667,4
J83,B,0,1,1983,10,19,2010,1999,2010,1997,2007,1999,2007,2003,16,24,20,5,5,2,6,3,3,2,2,2,3,2,2,6,6,2,5,5,2,2,4,2,2,5,6,0,5,5,2,6,3,3,2,2,2,3,2,2,6,6,2,5,5,2,2,4,2,2,5,6,J83,5.666666667,2.75,4.666666667,4.666666667,3.5
F357,B,0,1,1985,10,19,2010,1999,2010,1998,2008,1999,2008,2003.5,14,23,18.5,2,6,2,6,2,5,5,1,2,6,2,2,6,3,2,2,2,2,2,6,2,2,6,6,0,2,6,2,6,2,5,5,1,2,6,2,2,6,3,2,2,2,2,2,6,2,2,6,6,F357,3.666666667,3.5,4.666666667,4.666666667,4
B396,B,0,1,1986,10,19,2010,1999,2010,1986,2012,1999,2010,2004.5,13,24,18.5,3,5,2,6,4,5,3,3,3,6,4,3,6,3,2,3,4,3,2,5,2,3,6,6,0,3,5,2,6,4,5,3,3,3,6,4,3,6,3,2,3,4,3,2,5,2,3,6,6,B396,4.666666667,4,4.666666667,5,4
Z201,B,0,1,1988,10,19,2010,1999,2010,1994,2012,1999,2010,2004.5,11,22,16.5,5,2,3,3,2,5,5,6,2,6,4,4,6,3,6,4,3,3,4,5,5,2,5,6,0,5,2,3,3,2,5,5,6,2,6,4,4,6,3,6,4,3,3,4,5,5,2,5,6,Z201,4.666666667,5.5,4,4.333333333,5
A383,B,1,1,1988,10,19,2010,1999,2010,1988,2000,1999,2000,1999.5,11,12,11.5,6,2,5,3,5,6,6,6,4,6,6,6,6,4,6,5,2,6,6,6,3,6,6,6,0,6,2,5,3,5,6,6,6,4,6,6,6,6,4,6,5,2,6,6,6,3,6,6,6,A383,4.666666667,5.5,2.666666667,4.666666667,4.5
V331,B,0,1,1984,10,19,2010,1999,2010,1997,2012,1999,2010,2004.5,15,26,20.5,3,6,2,3,2,6,3,2,2,3,2,3,6,5,2,3,4,2,2,3,3,2,4,6,0,3,6,2,3,2,6,3,2,2,3,2,3,6,5,2,3,4,2,2,3,3,2,4,6,V331,4.666666667,2.5,5,3,4
A100,B,0,1,1989,10,19,2010,1999,2010,2002,2010,2002,2010,2006,13,21,17,2,5,2,6,3,6,3,4,2,3,2,2,6,2,2,2,5,2,2,3,4,3,4,6,0,2,5,2,6,3,6,3,4,2,3,2,2,6,2,2,2,5,2,2,3,4,3,4,6,A100,4.333333333,4,5.333333333,3.666666667,3.5
J452,O,0,1,1978,10,11,2010,1987,2007,1978,1990,1987,1990,1988.5,9,12,10.5,5,2,4,3,4,5,3,5,3,5,5,5,6,3,6,5,3,5,3,5,6,3,4,5,0,5,2,4,3,4,5,3,5,3,5,5,5,6,3,6,5,3,5,3,5,6,3,4,5,J452,5.333333333,5.25,4,4.333333333,4.5
L112,B,1,1,1989,10,19,2010,1999,2010,1989,2012,1999,2010,2004.5,10,21,15.5,6,2,5,3,2,6,6,7,3,6,5,4,6,3,6,4,2,5,6,6,6,4,6,7,0,6,2,5,3,2,6,6,7,3,6,5,4,6,3,6,4,2,5,6,6,6,4,6,7,L112,4.666666667,6,3.666666667,4.333333333,5.5
Q72,B,0,1,1989,10,19,2010,1999,2010,1989,2012,1999,2010,2004.5,10,21,15.5,2,2,2,6,2,6,5,6,2,6,4,4,6,2,2,4,3,5,5,2,5,3,5,6,0,2,2,2,6,2,6,5,6,2,6,4,4,6,2,2,4,3,5,5,2,5,3,5,6,Q72,3.666666667,5,5.666666667,5.333333333,5
R81,B,0,1,1988,10,19,2010,1999,2010,2000,2012,2000,2010,2005,12,22,17,2,2,2,6,3,5,5,6,3,6,2,4,6,3,3,4,4,6,2,4,4,2,5,6,0,2,2,2,6,3,5,5,6,3,6,2,4,6,3,3,4,4,6,2,4,4,2,5,6,R81,3.666666667,5.25,5,5.333333333,3.5
M193,B,1,1,1992,10,19,2010,1999,2010,1992,2012,1999,2010,2004.5,7,18,12.5,6,1,6,1,1,7,6,7,1,7,6,7,7,1,7,5,1,6,2,6,6,2,6,7,0,6,1,6,1,1,7,6,7,1,7,6,7,7,1,7,5,1,6,2,6,6,2,6,7,M193,5,6.75,3,4.333333333,6.5
M395,B,0,1,1991,10,19,2010,1999,2010,1991,2012,1999,2010,2004.5,8,19,13.5,4,2,2,6,4,6,6,6,2,6,2,4,6,2,2,2,5,2,2,5,4,2,5,6,0,4,2,2,6,4,6,6,6,2,6,2,4,6,2,2,2,5,2,2,5,4,2,5,6,M395,4,5.75,5.333333333,4.666666667,3
V467,B,0,1,1991,10,19,2010,1999,2010,1991,2006,1999,2006,2002.5,8,15,11.5,2,6,2,6,2,3,6,6,2,6,2,4,6,3,2,4,2,2,2,2,4,2,6,6,0,2,6,2,6,2,3,6,6,2,6,2,4,6,3,2,4,2,2,2,2,4,2,6,6,V467,3.333333333,3.75,5.333333333,5.333333333,4
R439,B,0,1,1990,10,19,2010,1999,2010,2002,2012,2002,2010,2006,12,20,16,5,2,2,6,2,6,6,6,2,6,3,4,6,3,2,4,2,2,4,5,5,5,5,6,0,5,2,2,6,2,6,6,6,2,6,3,4,6,3,2,4,2,2,4,5,5,5,5,6,R439,4.333333333,5.5,5.666666667,5.333333333,4.5
J278,B,0,1,1992,10,19,2010,1999,2010,2004,2012,2004,2010,2007,12,18,15,4,1,1,1,2,6,6,6,2,6,3,4,6,3,1,2,5,5,5,5,3,3,6,6,0,4,1,1,1,2,6,6,6,2,6,3,4,6,3,1,2,5,5,5,5,3,3,6,6,J278,4,5.75,5.666666667,3,4.5
I415,B,1,1,1994,10,19,2010,1999,2010,1994,2012,1999,2010,2004.5,5,16,10.5,5,2,5,2,4,6,6,6,4,6,4,3,6,6,6,3,5,5,6,6,6,2,6,6,0,5,2,5,2,4,6,6,6,4,6,4,3,6,6,6,3,5,5,6,6,6,2,6,6,I415,4.333333333,5,3.666666667,3.666666667,4
C352,B,0,1,1992,10,19,2010,1999,2010,2005,2012,2005,2010,2007.5,13,18,15.5,3,2,2,5,4,6,6,6,2,6,3,3,6,2,3,3,2,3,1,4,2,2,5,6,0,3,2,2,5,4,6,6,6,2,6,3,3,6,2,3,3,2,3,1,4,2,2,5,6,C352,3.666666667,5.5,4.333333333,4.666666667,3.5
Y57,P,0,1,1961,10,11,2010,1977,2005,1971,2005,1977,2005,1991,16,44,30,2,1,3,1,6,1,7,6,2,4,3,1,7,6,7,1,2,3,4,7,5,2,4,5,0,2,1,3,1,6,1,7,6,2,4,3,1,7,6,7,1,2,3,4,7,5,2,4,5,Y57,3.333333333,5.5,3.666666667,2,2.5
F145,B,1,1,1993,10,19,2010,1999,2010,1994,2012,1999,2010,2004.5,6,17,11.5,2,2,2,4,2,6,6,6,2,6,3,3,6,2,4,2,2,3,3,5,3,3,6,5,0,2,2,2,4,2,6,6,6,2,6,3,3,6,2,4,2,2,3,3,5,3,3,6,5,F145,3.333333333,5.75,4.333333333,4,4.5
M63,B,0,1,1993,10,19,2010,1999,2010,1993,2012,1999,2010,2004.5,6,17,11.5,2,2,2,6,2,6,6,6,2,6,2,3,6,2,2,5,3,5,2,5,4,3,6,6,0,2,2,2,6,2,6,6,6,2,6,2,3,6,2,2,5,3,5,2,5,4,3,6,6,M63,3.333333333,5.75,5.333333333,5.666666667,4
K497,B,1,1,2000,10,19,2010,1999,2010,2000,2012,2000,2010,2005,0,10,5,2,1,1,5,4,6,6,5,2,6,2,3,6,2,3,4,4,2,2,3,3,3,6,6,0,2,1,1,5,4,6,6,5,2,6,2,3,6,2,3,4,4,2,2,3,3,3,6,6,K497,3.333333333,5.25,5,5,3
E125,B,0,1,1999,10,19,2010,1999,2010,1999,2012,1999,2010,2004.5,0,11,5.5,2,1,1,6,4,5,5,5,1,6,3,4,6,5,4,5,4,3,2,4,3,3,5,6,0,2,1,1,6,4,5,5,5,1,6,3,4,6,5,4,5,4,3,2,4,3,3,5,6,E125,3.666666667,4.75,4.666666667,5.666666667,3.5
F225,B,1,1,1999,10,19,2010,1999,2010,1999,2012,1999,2010,2004.5,0,11,5.5,4,1,3,6,3,5,5,6,2,3,4,4,6,2,2,3,5,5,5,5,4,5,5,6,0,4,1,3,6,3,5,5,6,2,3,4,4,6,2,2,3,5,5,5,5,4,5,5,6,F225,4.333333333,6,5,4,4.5
U97,B,0,1,1998,10,19,2010,1999,2010,1998,2012,1999,2010,2004.5,1,12,6.5,2,6,2,6,2,6,2,2,2,3,5,4,6,4,2,2,5,5,1,5,4,3,5,6,0,2,6,2,6,2,6,2,2,2,3,5,4,6,4,2,2,5,5,1,5,4,3,5,6,U97,4.666666667,3.25,5.333333333,3.666666667,5.5
K206,B,0,1,1998,10,19,2010,1999,2010,1998,2012,1999,2010,2004.5,1,12,6.5,6,1,4,1,5,6,6,6,3,6,6,6,6,4,6,4,1,6,6,6,4,4,6,6,0,6,1,4,1,5,6,6,6,3,6,6,6,6,4,6,4,1,6,6,6,4,4,6,6,K206,4.666666667,5.75,3.333333333,3.666666667,4.5
C133,B,0,1,1998,10,19,2010,1999,2010,1998,2012,1999,2010,2004.5,1,12,6.5,6,1,5,2,5,6,6,6,2,6,5,5,6,4,6,4,2,5,6,6,5,5,6,7,0,6,1,5,2,5,6,6,6,2,6,5,5,6,4,6,4,2,5,6,6,5,5,6,7,C133,4.666666667,5.75,3.333333333,4,4
P109,B,0,1,1998,10,19,2010,1999,2010,1998,2010,1999,2010,2004.5,1,12,6.5,2,2,2,7,3,6,6,6,2,6,2,2,6,2,1,3,6,3,1,5,3,3,6,6,0,2,2,2,7,3,6,6,6,2,6,2,2,6,2,1,3,6,3,1,5,3,3,6,6,P109,3.333333333,5.75,5.333333333,5.333333333,3.5
N478,B,1,1,1996,10,19,2010,1999,2010,1996,2012,1999,2010,2004.5,3,14,8.5,5,1,1,2,3,5,6,6,1,6,1,1,4,1,5,3,2,5,5,3,3,3,4,6,0,5,1,1,2,3,5,6,6,1,6,1,1,4,1,5,3,2,5,5,3,3,3,4,6,N478,3.666666667,5.75,4.333333333,3.666666667,3
P70,O,1,1,1979,10,11,2010,1987,2007,1979,2012,1987,2007,1997,8,28,18,5,3,3,6,2,5,3,5,4,5,5,5,6,7,6,5,3,5,4,5,4,6,3,5,0,5,3,3,6,2,5,3,5,4,5,5,5,6,7,6,5,3,5,4,5,4,6,3,5,P70,5.333333333,4,3.666666667,5.333333333,5.5
K480,B,1,1,1996,10,19,2010,1999,2010,1996,2012,1999,2010,2004.5,3,14,8.5,2,2,1,6,2,5,5,6,2,6,2,3,6,3,1,4,2,5,6,6,5,5,4,6,0,2,2,1,6,2,5,5,6,2,6,2,3,6,3,1,4,2,5,6,6,5,5,4,6,K480,3.666666667,5.75,6.333333333,5.333333333,4
J234,B,1,1,1977,10,19,2010,1999,2010,1977,2012,1999,2010,2004.5,22,33,27.5,4,1,3,6,3,6,6,6,3,6,6,5,6,3,6,4,5,3,5,6,5,5,5,6,0,4,1,3,6,3,6,6,6,3,6,6,5,6,3,6,4,5,3,5,6,5,5,5,6,J234,4,6,4,5.333333333,5.5
K405,B,1,1,1976,10,19,2010,1999,2010,1976,2012,1999,2010,2004.5,23,34,28.5,7,1,4,1,4,6,6,6,2,6,6,6,6,6,6,5,5,2,6,6,5,6,6,6,0,7,1,4,1,4,6,6,6,2,6,6,6,6,6,6,5,5,2,6,6,5,6,6,6,K405,5,5.25,3.666666667,4,5
K262,U,1,1,1972,10,20,2010,1991,2010,1972,2012,1991,2010,2000.5,19,38,28.5,7,2,1,6,1,7,7,7,1,3,5,1,7,3,6,5,7,2,5,7,2,7,4,2,0,7,2,1,6,1,7,7,7,1,3,5,1,7,3,6,5,7,2,5,7,2,7,4,2,K262,5,6.25,3.666666667,4.666666667,6
V52,U,0,1,1973,10,20,2010,1991,2010,1985,2012,1991,2010,2000.5,18,37,27.5,5,6,5,4,2,5,3,7,5,6,5,7,4,5,5,2,5,2,5,6,2,3,4,3,0,5,6,5,4,2,5,3,7,5,6,5,7,4,5,5,2,5,2,5,6,2,3,4,3,V52,4.666666667,4.5,2.666666667,4,5.5
Z189,U,0,1,1973,10,20,2010,1991,2010,1973,2012,1991,2010,2000.5,18,37,27.5,5,6,5,4,5,6,5,4,7,5,4,7,5,4,5,7,3,7,3,2,7,5,6,4,0,5,6,5,4,5,6,5,4,7,5,4,7,5,4,5,7,3,7,3,2,7,5,6,4,Z189,4.333333333,3,4.333333333,5.333333333,3.5
K405,U,1,1,1976,10,20,2010,1991,2010,1976,2012,1991,2010,2000.5,15,34,24.5,6,3,5,1,2,4,7,6,6,6,5,4,6,2,6,5,6,7,3,5,2,6,3,6,0,6,3,5,1,2,4,7,6,6,6,5,4,6,2,6,5,6,7,3,5,2,6,3,6,K405,4.333333333,5.5,2.333333333,4,5.5
T362,U,1,1,1977,10,20,2010,1991,2010,1977,2007,1991,2007,1999,14,30,22,2,4,3,7,7,3,2,5,3,6,5,4,7,2,7,5,7,2,5,6,7,3,5,7,0,2,4,3,7,7,3,2,5,3,6,5,4,7,2,7,5,7,2,5,6,7,3,5,7,T362,5,5.25,4.333333333,6,3
J234,U,1,1,1977,10,20,2010,1991,2010,1977,2012,1991,2010,2000.5,14,33,23.5,6,7,6,5,5,6,2,5,7,NA,2,3,5,6,5,4,3,6,7,5,4,2,3,2,1,6,7,6,5,5,6,2,5,7,4.984716157,2,3,5,6,5,4,3,6,7,5,4,2,3,2,J234,5.666666667,3.25,3,4.661572052,2.5
J234,Y,1,1,1977,10,20,2010,1991,2010,1977,2012,1991,2010,2000.5,14,33,23.5,3,6,4,3,4,1,1,2,1,4,3,1,6,4,1,4,6,2,4,7,5,1,4,1,0,3,6,4,3,4,1,1,2,1,4,3,1,6,4,1,4,6,2,4,7,5,1,4,1,J234,5.333333333,3.75,5.333333333,3.666666667,3.5
E131,O,0,1,1973,10,11,2010,1987,2007,1973,1988,1987,1988,1987.5,14,15,14.5,1,5,6,5,6,6,2,5,2,4,7,6,4,1,1,7,1,6,2,6,2,4,7,5,0,1,5,6,5,6,6,2,5,2,4,7,6,4,1,1,7,1,6,2,6,2,4,7,5,E131,3.666666667,5.25,3.666666667,5.333333333,4.5
W432,O,0,1,1981,10,11,2010,1987,2007,1981,2012,1987,2007,1997,6,26,16,5,2,4,6,3,5,3,5,3,5,5,5,6,3,7,5,3,5,2,5,6,5,2,5,0,5,2,4,6,3,5,3,5,3,5,5,5,6,3,7,5,3,5,2,5,6,5,2,5,W432,5.333333333,5.25,3.666666667,5.333333333,5
K405,Y,1,1,1976,10,20,2010,1991,2010,1976,2012,1991,2010,2000.5,15,34,24.5,2,1,1,2,4,1,1,7,2,5,1,1,2,2,1,7,2,1,5,7,1,7,3,1,0,2,1,1,2,4,1,1,7,2,5,1,1,2,2,1,7,2,1,5,7,1,7,3,1,K405,3.666666667,6.75,5,4.666666667,2.5
V52,Y,0,1,1973,10,20,2010,1991,2010,1985,2012,1991,2010,2000.5,18,37,27.5,1,7,1,4,1,1,7,3,1,2,1,1,1,7,1,7,1,1,6,7,5,6,1,1,0,1,7,1,4,1,1,7,3,1,2,1,1,1,7,1,7,1,1,6,7,5,6,1,1,V52,1,3,6.333333333,4.333333333,4
Z189,Y,0,1,1973,10,20,2010,1991,2010,1973,2012,1991,2010,2000.5,18,37,27.5,2,4,1,3,7,1,1,2,1,4,2,1,7,7,1,7,5,1,7,7,7,4,4,1,0,2,4,1,3,7,1,1,2,1,4,2,1,7,7,1,7,5,1,7,7,7,4,4,1,Z189,5.333333333,3.5,7,4.666666667,1.5
K262,Y,1,1,1972,10,20,2010,1991,2010,1972,2012,1991,2010,2000.5,19,38,28.5,7,1,7,3,7,6,4,4,2,7,2,1,4,2,6,7,4,1,7,7,3,7,3,1,0,7,1,7,3,7,6,4,4,2,7,2,1,4,2,6,7,4,1,7,7,3,7,3,1,K262,5,6,2,5.666666667,1.5
N161,U,1,1,1977,10,20,2010,1991,2010,1977,2012,1991,2010,2000.5,14,33,23.5,1,4,5,7,6,5,4,7,4,2,4,5,7,5,7,6,5,6,2,4,7,3,5,7,0,1,4,5,7,6,5,4,7,4,2,4,5,7,5,7,6,5,6,2,4,7,3,5,7,N161,4,4.5,3.666666667,5,3
T362,Y,1,1,1977,10,20,2010,1991,2010,1977,2007,1991,2007,1999,14,30,22,1,2,7,1,1,5,1,4,1,3,7,1,6,6,4,5,1,5,1,5,5,3,2,1,0,1,2,7,1,1,5,1,4,1,3,7,1,6,6,4,5,1,5,1,5,5,3,2,1,T362,4.666666667,4.25,3.333333333,3,7
Q277,U,0,1,1978,10,20,2010,1991,2010,2000,2012,2000,2010,2005,22,32,27,7,2,3,7,4,7,3,5,2,7,2,4,7,3,3,2,3,4,1,3,4,5,7,3,0,7,2,3,7,4,7,3,5,2,7,2,4,7,3,3,2,3,4,1,3,4,5,7,3,Q277,6.333333333,4.75,4.666666667,5.333333333,3
N161,Y,1,1,1977,10,20,2010,1991,2010,1977,2012,1991,2010,2000.5,14,33,23.5,1,4,1,5,1,1,3,7,1,4,1,3,5,2,1,6,4,1,5,2,1,7,2,1,0,1,4,1,5,1,1,3,7,1,4,1,3,5,2,1,6,4,1,5,2,1,7,2,1,N161,3.666666667,4.75,5,5,4
D138,U,0,1,1978,10,21,2010,1991,2010,1985,2012,1991,2010,2000.5,13,32,22.5,6,7,5,3,3,2,7,3,4,2,1,3,7,5,3,5,3,5,3,5,3,6,2,3,0,6,7,5,3,3,2,7,3,4,2,1,3,7,5,3,5,3,5,3,5,3,6,2,3,D138,4.666666667,3,3.666666667,3.333333333,3
P70,U,1,1,1979,10,21,2010,1991,2010,1979,2012,1991,2010,2000.5,12,31,21.5,7,5,7,4,7,2,7,4,2,7,6,5,7,2,6,7,4,2,6,2,5,3,5,7,0,7,5,7,4,7,2,7,4,2,7,6,5,7,2,6,7,4,2,6,2,5,3,5,7,P70,5,3.75,2.666666667,6,3.5
B24,O,1,1,1982,10,11,2010,1987,2007,1982,2010,1987,2007,1997,5,25,15,5,2,3,6,6,5,3,5,3,5,5,5,6,2,3,5,3,5,3,5,6,3,3,5,0,5,2,3,6,6,5,3,5,3,5,5,5,6,2,3,5,3,5,3,5,6,3,3,5,B24,5.333333333,5.5,5.333333333,5.333333333,3.5
W432,U,0,1,1981,10,21,2010,1991,2010,1981,2012,1991,2010,2000.5,10,29,19.5,6,3,5,2,6,3,2,7,3,2,7,5,6,2,2,4,5,7,3,7,3,7,2,5,0,6,3,5,2,6,3,2,7,3,2,7,5,6,2,2,4,5,7,3,7,3,7,2,5,W432,6,6.25,4,2.666666667,4.5
P325,U,1,1,1984,10,21,2010,1991,2010,1984,1994,1991,1994,1992.5,7,10,8.5,1,2,4,6,2,4,3,2,7,2,4,5,2,4,7,3,5,3,3,2,4,1,4,7,0,1,2,4,6,2,4,3,2,7,2,4,5,2,4,7,3,5,3,3,2,4,1,4,7,P325,2.666666667,3.5,3,3.666666667,5
L210,U,1,1,1983,10,21,2010,1991,2010,1983,2012,1991,2010,2000.5,8,27,17.5,7,6,5,3,3,1,3,5,6,7,6,3,5,4,2,3,2,4,5,6,3,7,4,3,0,7,6,5,3,3,1,3,5,6,7,6,3,5,4,2,3,2,4,5,6,3,7,4,3,L210,5.666666667,4.25,4,4.333333333,5.5
B24,U,1,1,1982,10,21,2010,1991,2010,1982,2010,1991,2010,2000.5,9,28,18.5,2,7,5,6,2,3,3,2,5,7,5,4,7,2,4,7,6,7,3,7,3,4,7,4,0,2,7,5,6,2,3,3,2,5,7,5,4,7,2,4,7,6,7,3,7,3,4,7,4,B24,4.666666667,4,3.333333333,6.666666667,5.5
Q450,U,0,1,1984,10,21,2010,1991,2010,1984,1998,1991,1998,1994.5,7,14,10.5,2,1,5,7,2,5,6,5,2,3,2,3,2,7,1,3,6,2,5,2,3,6,5,2,0,2,1,5,7,2,5,6,5,2,3,2,3,2,7,1,3,6,2,5,2,3,6,5,2,Q450,2,3.75,4.333333333,4.333333333,4
Q450,Y,0,1,1984,10,21,2010,1991,2010,1984,1998,1991,1998,1994.5,7,14,10.5,2,4,2,6,3,3,4,3,2,6,3,5,5,3,2,3,4,3,2,4,3,4,4,4,0,2,4,2,6,3,3,4,3,2,6,3,5,5,3,2,3,4,3,2,4,3,4,4,4,Q450,3.666666667,4,5,5,4
Y235,Y,0,1,1985,10,21,2010,1991,2010,1985,1996,1991,1996,1993.5,6,11,8.5,2,1,1,6,6,1,6,6,2,5,2,1,6,3,1,5,2,2,4,3,3,1,2,2,0,2,1,1,6,6,1,6,6,2,5,2,1,6,3,1,5,2,2,4,3,3,1,2,2,Y235,3.333333333,5.25,5.666666667,5.333333333,2
D224,Y,0,1,1981,10,21,2010,1991,2010,1992,2001,1992,2001,1996.5,11,20,15.5,3,3,2,5,2,5,6,3,2,6,1,2,6,2,1,6,4,2,5,5,5,6,1,1,0,3,3,2,5,2,5,6,3,2,6,1,2,6,2,1,6,4,2,5,5,5,6,1,1,D224,3.666666667,4.75,6,5.666666667,3.5
L210,O,1,1,1983,10,11,2010,1987,2007,1983,2012,1987,2007,1997,4,24,14,5,2,4,6,4,5,3,5,3,5,5,5,6,3,3,5,3,5,2,5,3,3,2,5,0,5,2,4,6,4,5,3,5,3,5,5,5,6,3,3,5,3,5,2,5,3,3,2,5,L210,5.333333333,5.25,4,5.333333333,4.5
B24,Y,1,1,1982,10,21,2010,1991,2010,1982,2010,1991,2010,2000.5,9,28,18.5,1,6,1,7,7,1,4,4,1,4,1,1,7,4,1,5,1,2,6,4,7,4,2,1,0,1,6,1,7,7,1,4,4,1,4,1,1,7,4,1,5,1,2,6,4,7,4,2,1,B24,4,3.5,7,5.333333333,1
W432,Y,0,1,1981,10,21,2010,1991,2010,1981,2012,1991,2010,2000.5,10,29,19.5,1,2,1,4,4,1,4,7,1,4,1,1,6,2,1,1,4,4,5,4,1,7,4,1,0,1,2,1,4,4,1,4,7,1,4,1,1,6,2,1,1,4,4,5,4,1,7,4,1,W432,3.666666667,5.75,5,3,2.5
P70,Y,1,1,1979,10,21,2010,1991,2010,1979,2012,1991,2010,2000.5,12,31,21.5,2,2,3,4,3,1,4,4,1,7,1,1,7,3,1,6,1,3,4,6,7,7,3,1,0,2,2,3,4,3,1,4,4,1,7,1,1,7,3,1,6,1,3,4,6,7,7,3,1,P70,4.333333333,5.25,6.333333333,5.666666667,3
D138,Y,0,1,1978,10,21,2010,1991,2010,1985,2012,1991,2010,2000.5,13,32,22.5,7,5,1,2,7,1,3,2,1,2,2,1,5,1,1,5,1,1,6,6,5,7,1,1,0,7,5,1,2,7,1,3,2,1,2,2,1,5,1,1,5,1,1,6,6,5,7,1,1,D138,5.666666667,4.5,6.333333333,3,1.5
Q277,Y,0,1,1978,10,21,2010,1991,2010,2000,2012,2000,2010,2005,22,32,27,3,7,1,7,4,1,7,2,1,2,NA,1,6,7,1,5,1,1,7,2,6,6,1,1,1,3,7,1,7,4,1,7,2,1,2,3.713347921,1,6,7,1,5,1,1,7,2,6,6,1,1,Q277,3.333333333,1.5,6.666666667,4.666666667,3.856673961
P325,Y,1,1,1984,10,21,2010,1991,2010,1984,1994,1991,1994,1992.5,7,10,8.5,2,5,2,6,3,3,4,3,2,6,3,4,5,3,2,3,4,3,2,4,4,3,4,4,0,2,5,2,6,3,3,4,3,2,6,3,4,5,3,2,3,4,3,2,4,4,3,4,4,P325,3.666666667,3.75,5.333333333,5,4
L210,Y,1,1,1983,10,21,2010,1991,2010,1983,2012,1991,2010,2000.5,8,27,17.5,4,1,2,5,2,4,5,5,2,7,6,4,6,3,5,5,3,3,5,6,5,3,5,6,0,4,1,2,5,2,4,5,5,2,7,6,4,6,3,5,5,3,3,5,6,5,3,5,6,L210,4.333333333,5.75,4.666666667,5.666666667,6
Q217,Y,0,1,1972,10,21,2010,1991,2010,2004,2006,2004,2006,2005,32,34,33,3,3,2,5,2,5,6,3,2,6,1,2,6,2,1,6,4,2,5,5,5,6,1,1,0,3,3,2,5,2,5,6,3,2,6,1,2,6,2,1,6,4,2,5,5,5,6,1,1,Q217,3.666666667,4.75,6,5.666666667,3.5
M63,Y,0,1,1993,10,21,2010,1991,2010,1993,2012,1993,2010,2001.5,0,17,8.5,1,1,1,6,4,2,5,6,2,6,2,2,5,2,2,4,2,3,4,5,3,4,2,3,0,1,1,1,6,4,2,5,6,2,6,2,2,5,2,2,4,2,3,4,5,3,4,2,3,M63,3,6,5.333333333,5.333333333,3
Q217,U,0,1,1972,10,21,2010,1991,2010,2004,2006,2004,2006,2005,32,34,33,2,4,5,7,2,5,6,3,2,6,2,4,6,2,2,3,3,2,2,2,4,2,2,5,0,2,4,5,7,2,5,6,3,2,6,2,4,6,2,2,3,3,2,2,2,4,2,2,5,Q217,3.333333333,3.75,4.333333333,5.333333333,4
D191,U,1,1,1971,10,21,2010,1991,2010,1971,2012,1991,2010,2000.5,20,39,29.5,3,1,2,6,5,6,5,6,2,6,3,5,6,2,1,4,2,4,3,4,4,2,3,6,0,3,1,2,6,5,6,5,6,2,6,3,5,6,2,1,4,2,4,3,4,4,2,3,6,D191,4,5.75,5.666666667,5.333333333,3
Y235,U,0,1,1985,10,21,2010,1991,2010,1985,1996,1991,1996,1993.5,6,11,8.5,2,2,2,6,3,4,4,6,2,6,2,3,6,2,1,3,2,3,2,4,3,3,2,4,0,2,2,2,6,3,4,4,6,2,6,2,3,6,2,1,3,2,3,2,4,3,3,2,4,Y235,4,5.5,5.333333333,5,3.5
D224,U,0,1,1981,10,21,2010,1991,2010,1992,2001,1992,2001,1996.5,11,20,15.5,2,2,2,6,4,3,5,5,2,5,3,2,5,2,2,3,2,3,2,3,2,3,2,4,0,2,2,2,6,4,3,5,5,2,5,3,2,5,2,2,3,2,3,2,3,2,3,2,4,D224,3.333333333,5,4.666666667,4.666666667,3.5
O468,J,0,1,1957,10,23,2010,1985,2010,1971,1988,1985,1988,1986.5,28,31,29.5,1,7,7,7,6,4,1,1,1,1,1,5,1,2,1,6,2,1,2,1,NA,1,3,1,1,1,7,7,7,6,4,1,1,1,1,1,5,1,2,1,6,2,1,2,1,3.817982456,1,3,1,O468,3,2.25,3.939327485,4.666666667,1.5
Q257,J,0,1,1958,10,23,2010,1985,2010,1968,1988,1985,1988,1986.5,27,30,28.5,1,7,7,7,7,6,1,7,1,6,1,1,4,6,1,6,1,1,1,7,1,2,7,2,0,1,7,7,7,7,6,1,7,1,6,1,1,4,6,1,6,1,1,1,7,1,2,7,2,Q257,4,4.25,3,6.333333333,1
S250,J,0,1,1958,10,23,2010,1985,2010,1971,2012,1985,2010,1997.5,27,52,39.5,3,2,3,6,3,4,5,5,1,5,3,3,5,3,1,3,2,2,2,5,5,2,3,6,0,3,2,3,6,3,4,5,5,1,5,3,3,5,3,1,3,2,2,2,5,5,2,3,6,S250,3.666666667,5.25,5.666666667,4.666666667,4
Y57,J,0,1,1961,10,23,2010,1985,2010,1971,2005,1985,2005,1995,24,44,34,2,5,2,6,3,5,2,2,2,4,2,2,5,5,1,2,2,2,3,5,4,4,3,2,0,2,5,2,6,3,5,2,2,2,4,2,2,5,5,1,2,2,2,3,5,4,4,3,2,Y57,4.333333333,3.25,5.666666667,4,3.5
M171,J,1,1,1964,10,23,2010,1985,2010,1964,2004,1985,2004,1994.5,21,40,30.5,5,1,4,2,3,6,6,6,1,6,5,4,6,2,6,3,2,2,6,6,3,4,6,6,0,5,1,4,2,3,6,6,6,1,6,5,4,6,2,6,3,2,2,6,6,3,4,6,6,M171,4.333333333,6.25,3,3.666666667,5
M171,P,1,1,1964,10,11,2010,1977,2005,1964,2004,1977,2004,1990.5,13,40,26.5,5,2,7,1,7,1,7,4,2,7,6,1,2,3,7,4,1,2,6,7,6,5,1,7,0,5,2,7,1,7,1,7,4,2,7,6,1,2,3,7,4,1,2,6,7,6,5,1,7,M171,2.666666667,5.5,2.666666667,4,3.5
N309,J,1,1,1965,10,23,2010,1985,2010,1965,1987,1985,1987,1986,20,22,21,4,1,5,1,2,4,6,6,2,6,3,2,6,2,5,2,1,4,5,3,3,4,5,6,0,4,1,5,1,2,4,6,6,2,6,3,2,6,2,5,2,1,4,5,3,3,4,5,6,N309,4,5.5,3,3,4.5
L22,J,0,1,1960,10,23,2010,1985,2010,1963,1987,1985,1987,1986,25,27,26,1,2,2,7,6,2,3,5,1,3,2,2,6,2,4,3,2,3,3,5,3,3,3,6,0,1,2,2,7,6,2,3,5,1,3,2,2,6,2,4,3,2,3,3,5,3,3,3,6,L22,4,5.5,4.333333333,4.333333333,2
G19,J,1,1,1967,10,23,2010,1985,2010,1967,1999,1985,1999,1992,18,32,25,4,2,3,2,4,4,5,5,2,6,3,3,5,2,6,3,2,3,5,5,4,2,5,6,0,4,2,3,2,4,4,5,5,2,6,3,3,5,2,6,3,2,3,5,5,4,2,5,6,G19,4,5.5,3.666666667,3.666666667,3.5
K398,J,0,1,1966,10,23,2010,1985,2010,1979,1992,1985,1992,1988.5,19,26,22.5,2,5,4,6,3,4,2,2,2,2,3,2,5,5,2,3,5,2,4,5,3,3,4,2,0,2,5,4,6,3,4,2,2,2,2,3,2,5,5,2,3,5,2,4,5,3,3,4,2,K398,4.333333333,3.25,4.333333333,3.666666667,4
Q461,J,0,1,1970,10,23,2010,1985,2010,1970,2003,1985,2003,1994,15,33,24,2,2,2,6,2,5,6,6,1,6,3,3,6,2,1,4,4,2,4,4,4,4,5,6,0,2,2,2,6,2,5,6,6,1,6,3,3,6,2,1,4,4,2,4,4,4,4,5,6,Q461,3.333333333,5.5,5.666666667,5.333333333,4.5
X261,J,0,1,1969,10,23,2010,1985,2010,1983,2007,1985,2007,1996,16,38,27,2,5,5,7,4,6,2,2,1,4,3,2,6,2,4,5,2,2,4,5,3,3,3,2,0,2,5,5,7,4,6,2,2,1,4,3,2,6,2,4,5,2,2,4,5,3,3,3,2,X261,4.666666667,4,3.333333333,5.333333333,3.5
N319,J,1,1,1969,10,23,2010,1985,2010,1973,2002,1985,2002,1993.5,16,33,24.5,2,5,6,7,3,5,6,5,2,6,2,4,5,5,2,4,5,2,4,7,5,4,4,6,0,2,5,6,7,3,5,6,5,2,6,2,4,5,5,2,4,5,2,4,7,5,4,4,6,N319,3,4.5,4.333333333,5.666666667,3.5
B396,C,0,1,1986,10,24,2010,1999,2009,1986,2012,1999,2009,2004,13,23,18,1,4,1,6,5,4,4,7,1,6,1,4,7,6,1,6,4,6,2,4,1,5,4,4,0,1,4,1,6,5,4,4,7,1,6,1,4,7,6,1,6,4,6,2,4,1,5,4,4,B396,4,4.25,5,6,2
F357,C,0,1,1985,10,24,2010,1999,2009,1998,2008,1999,2008,2003.5,14,23,18.5,1,4,4,6,4,4,6,3,2,7,4,1,5,7,1,7,4,5,4,4,4,4,7,2,0,1,4,4,6,4,4,6,3,2,7,4,1,5,7,1,7,4,5,4,4,4,4,7,2,F357,2.666666667,3,5,6.666666667,4
J83,C,0,1,1983,10,24,2010,1999,2009,1997,2007,1999,2007,2003,16,24,20,2,6,4,3,4,6,4,3,2,3,4,4,6,5,2,4,5,6,4,6,4,4,7,4,0,2,6,4,3,4,6,4,3,2,3,4,4,6,5,2,4,5,6,4,6,4,4,7,4,J83,4,3.5,4.666666667,3.333333333,4
P325,O,1,1,1984,10,11,2010,1987,2007,1984,1994,1987,1994,1990.5,3,10,6.5,5,2,3,6,4,5,3,5,2,5,5,5,6,2,7,5,3,5,2,5,3,3,2,5,0,5,2,3,6,4,5,3,5,2,5,5,5,6,2,7,5,3,5,2,5,3,3,2,5,P325,5.333333333,5.5,3,5.333333333,4.5
V331,C,0,1,1984,10,24,2010,1999,2009,1997,2012,1999,2009,2004,15,25,20,1,2,4,4,6,4,6,4,3,4,4,3,4,6,4,4,5,3,1,4,2,7,4,2,0,1,2,4,4,6,4,6,4,3,4,4,3,4,6,4,4,5,3,1,4,2,7,4,2,V331,2.333333333,4,3.333333333,4,3
Z201,C,0,1,1988,10,24,2010,1999,2009,1994,2012,1999,2009,2004,11,21,16,3,2,1,6,4,3,4,6,NA,4,4,3,4,2,4,1,4,4,2,6,4,4,5,4,1,3,2,1,6,4,3,4,6,2.603485839,4,4,3,4,2,4,1,4,4,2,6,4,4,5,4,Z201,3.666666667,6,5,3.666666667,4
A383,C,1,1,1988,10,24,2010,1999,2009,1988,2000,1999,2000,1999.5,11,12,11.5,4,1,7,5,4,7,5,7,1,7,4,6,5,6,5,6,2,5,3,5,1,2,6,6,0,4,1,7,5,4,7,5,7,1,7,4,6,5,6,5,6,2,5,3,5,1,2,6,6,A383,4,5.25,1.666666667,6,4
R81,C,0,1,1988,10,24,2010,1999,2009,2000,2012,2000,2009,2004.5,12,21,16.5,1,7,6,5,4,3,2,4,2,4,2,1,4,6,4,4,5,6,2,NA,3,4,3,2,1,1,7,6,5,4,3,2,4,2,4,2,1,4,6,4,4,5,6,2,4.588235294,3,4,3,2,R81,3.666666667,2.897058824,3,4.333333333,3
Q72,C,0,1,1989,10,24,2010,1999,2009,1989,2012,1999,2009,2004,10,20,15,1,6,4,5,4,6,5,7,1,6,3,4,5,6,1,5,4,6,2,6,4,4,6,7,0,1,6,4,5,4,6,5,7,1,6,3,4,5,6,1,5,4,6,2,6,4,4,6,7,Q72,3,4.25,5,5.333333333,3.5
L112,C,1,1,1989,10,24,2010,1999,2009,1989,2012,1999,2009,2004,10,20,15,7,1,6,3,2,5,2,6,2,4,5,6,5,4,5,4,2,3,5,6,2,4,5,4,0,7,1,6,3,2,5,2,6,2,4,5,6,5,4,5,4,2,3,5,6,2,4,5,4,L112,6,5.75,2.333333333,3.666666667,5.5
U464,C,1,1,1989,10,24,2010,1999,2009,1989,2000,1999,2000,1999.5,10,11,10.5,1,5,4,6,4,3,4,3,1,4,1,3,2,3,1,2,3,1,1,2,3,4,3,7,0,1,5,4,6,4,3,4,3,1,4,1,3,2,3,1,2,3,1,1,2,3,4,3,7,U464,2.333333333,3.25,4.666666667,4,2.5
A100,C,0,1,1989,10,24,2010,1999,2009,2002,2010,2002,2009,2005.5,13,20,16.5,2,6,2,3,4,2,3,4,1,4,2,1,4,6,1,2,4,2,1,6,4,4,6,4,0,2,6,2,3,4,2,3,4,1,4,2,1,4,6,1,2,4,2,1,6,4,4,6,4,A100,3.666666667,3.5,5.666666667,3,3
V467,C,0,1,1991,10,24,2010,1999,2009,1991,2006,1999,2006,2002.5,8,15,11.5,1,3,2,6,6,4,4,7,1,7,2,4,6,4,1,4,4,6,1,6,2,4,6,4,0,1,3,2,6,6,4,4,7,1,7,2,4,6,4,1,4,4,6,1,6,2,4,6,4,V467,3.666666667,5.5,5,5.666666667,2
I355,P,0,1,1965,10,11,2010,1977,2005,1965,1983,1977,1983,1980,12,18,15,2,1,2,3,1,3,7,3,1,7,1,3,2,7,6,4,7,2,1,7,2,7,1,6,0,2,1,2,3,1,3,7,3,1,7,1,3,2,7,6,4,7,2,1,7,2,7,1,6,I355,1.666666667,4.5,3.333333333,4.666666667,4
R439,C,0,1,1990,10,24,2010,1999,2009,2002,2012,2002,2009,2005.5,12,19,15.5,1,7,2,4,4,4,2,4,1,3,2,2,4,6,2,4,3,4,1,6,7,7,2,3,0,1,7,2,4,4,4,2,4,1,3,2,2,4,6,2,4,3,4,1,6,7,7,2,3,R439,3.666666667,3.25,6.333333333,3.666666667,3
M395,C,0,1,1991,10,24,2010,1999,2009,1991,2012,1999,2009,2004,8,18,13,1,1,2,7,7,4,5,7,2,4,1,4,5,2,1,4,4,3,1,6,4,6,7,4,0,1,1,2,7,7,4,5,7,2,4,1,4,5,2,1,4,4,3,1,6,4,6,7,4,M395,3,6.5,5.666666667,5,1
M193,C,1,1,1992,10,24,2010,1999,2009,1992,2012,1999,2009,2004,7,17,12,7,4,7,1,4,7,3,4,1,2,7,6,5,7,7,6,6,3,6,7,2,4,5,4,0,7,4,7,1,4,7,3,4,1,2,7,6,5,7,7,6,6,3,6,7,2,4,5,4,M193,5.666666667,4,1.333333333,3,5.5
C352,C,0,1,1992,10,25,2010,1999,2009,2005,2012,2005,2009,2007,13,17,15,1,6,1,4,7,4,4,4,1,4,2,1,4,5,1,4,7,4,1,6,4,4,3,4,0,1,6,1,4,7,4,4,4,1,4,2,1,4,5,1,4,7,4,1,6,4,4,3,4,C352,3,3.75,6,4,1.5
F145,C,1,1,1993,10,25,2010,1999,2009,1994,2012,1999,2009,2004,6,16,11,2,4,2,6,5,4,7,7,1,4,4,7,4,6,2,4,4,5,2,7,2,4,4,7,0,2,4,2,6,5,4,7,7,1,4,4,7,4,6,2,4,4,5,2,7,2,4,4,7,F145,2.333333333,5,4.666666667,4.666666667,3.5
M63,C,0,1,1993,10,25,2010,1999,2009,1993,2012,1999,2009,2004,6,16,11,1,2,2,7,5,4,6,7,2,4,1,4,3,3,1,7,4,3,1,4,4,7,6,6,0,1,2,2,7,5,4,6,7,2,4,1,4,3,3,1,7,4,3,1,4,4,7,6,6,M63,2,5.5,5.666666667,6,2
I415,C,1,1,1994,10,25,2010,1999,2009,1994,2012,1999,2009,2004,5,15,10,7,1,7,1,4,6,3,6,2,4,4,7,6,7,7,4,1,6,6,6,2,3,4,7,0,7,1,7,1,4,6,3,6,2,4,4,7,6,7,7,4,1,6,6,6,2,3,4,7,I415,6,5,1.333333333,3,4
J278,C,0,1,1992,10,25,2010,1999,2009,2004,2012,2004,2009,2006.5,12,17,14.5,1,4,2,7,7,4,6,7,1,6,4,3,6,4,1,4,6,4,1,7,4,6,7,4,0,1,4,2,7,7,4,6,7,1,6,4,3,6,4,1,4,6,4,1,7,4,6,7,4,J278,3,5.5,5.666666667,5.666666667,2.5
K480,C,1,1,1996,10,25,2010,1999,2009,1996,2012,1999,2009,2004,3,13,8,2,1,4,6,6,5,4,7,1,6,4,6,5,4,2,3,2,5,2,4,2,3,6,7,0,2,1,4,6,6,5,4,7,1,6,4,6,5,4,2,3,2,5,2,4,2,3,6,7,K480,3.666666667,5.5,4,5,3
N478,C,1,1,1996,10,25,2010,1999,2009,1996,2012,1999,2009,2004,3,13,8,2,1,4,6,4,5,6,7,1,5,4,5,4,4,2,4,2,6,2,6,4,3,7,6,0,2,1,4,6,4,5,6,7,1,5,4,5,4,4,2,4,2,6,2,6,4,3,7,6,N478,2.666666667,6,4.666666667,5,4
Q450,O,0,1,1984,10,12,2010,1987,2007,1984,1998,1987,1998,1992.5,3,14,8.5,5,2,4,5,3,5,3,5,2,5,5,5,6,3,7,5,3,5,3,5,4,5,3,5,0,5,2,4,5,3,5,3,5,2,5,5,5,6,3,7,5,3,5,3,5,4,5,3,5,Q450,5.333333333,5.25,3,5,5
P109,C,0,1,1998,10,25,2010,1999,2009,1998,2010,1999,2009,2004,1,11,6,1,4,2,7,4,4,7,7,1,6,2,6,4,5,1,2,4,4,1,5,4,3,4,6,0,1,4,2,7,4,4,7,7,1,6,2,6,4,5,1,2,4,4,1,5,4,3,4,6,P109,2,4.75,5.666666667,5,3
C133,C,0,1,1998,10,25,2010,1999,2009,1998,2012,1999,2009,2004,1,11,6,1,1,7,6,4,7,7,7,1,6,2,7,4,6,5,4,2,6,2,4,2,1,7,7,0,1,1,7,6,4,7,7,7,1,6,2,7,4,6,5,4,2,6,2,4,2,1,7,7,C133,2,5,2,5.333333333,3
K206,C,0,1,1998,10,25,2010,1999,2009,1998,2012,1999,2009,2004,1,11,6,1,1,7,7,4,5,4,7,1,7,4,6,NA,4,1,4,2,4,1,6,3,2,7,7,1,1,1,7,7,4,5,4,7,1,7,4,6,4.934497817,4,1,4,2,4,1,6,3,2,7,7,K206,3.311499272,6,3.666666667,6,4
U97,C,0,1,1998,10,25,2010,1999,2009,1998,2012,1999,2009,2004,1,11,6,1,2,4,7,7,4,6,7,1,7,4,5,4,2,1,4,4,3,1,4,4,3,7,4,0,1,2,4,7,7,4,6,7,1,7,4,5,4,2,1,4,4,3,1,4,4,3,7,4,U97,2.333333333,5.75,5,6,2.5
E125,C,0,1,1999,10,25,2010,1999,2009,1999,2012,1999,2009,2004,0,10,5,1,1,4,7,4,4,7,7,1,7,4,7,4,4,1,4,3,4,1,4,7,1,7,4,0,1,1,4,7,4,4,7,7,1,7,4,7,4,4,1,4,3,4,1,4,7,1,7,4,E125,2,5.5,6,6,4
F225,C,1,1,1999,10,25,2010,1999,2009,1999,2012,1999,2009,2004,0,10,5,1,7,7,7,4,5,5,7,1,7,4,7,4,7,6,4,2,4,2,7,2,2,7,7,0,1,7,7,7,4,5,5,7,1,7,4,7,4,7,6,4,2,4,2,7,2,2,7,7,F225,2.666666667,4,1.666666667,6,4
K497,C,1,1,2000,10,25,2010,1999,2009,2000,2012,2000,2009,2004.5,0,9,4.5,1,1,4,7,4,4,7,6,1,7,4,3,4,4,1,4,2,4,1,4,2,7,4,4,0,1,1,4,7,4,4,7,6,1,7,4,3,4,4,1,4,2,4,1,4,2,7,4,4,K497,2,5.25,4.333333333,6,4
J295,J,0,1,1970,10,24,2010,1985,2010,1970,2012,1985,2010,1997.5,15,40,27.5,7,6,7,7,6,7,5,4,7,6,4,6,7,6,7,6,7,6,6,6,7,2,4,1,0,7,6,7,7,6,7,5,4,7,6,4,6,7,6,7,6,7,6,6,6,7,2,4,1,J295,5.666666667,3.5,3,6.333333333,3
M162,J,1,1,1976,10,24,2010,1985,2010,1976,1990,1985,1990,1987.5,9,14,11.5,1,6,6,7,1,6,2,7,1,7,1,6,6,1,2,5,2,1,1,1,3,7,6,7,0,1,6,6,7,1,6,2,7,1,7,1,6,6,1,2,5,2,1,1,1,3,7,6,7,M162,4.333333333,4.25,3.666666667,6.333333333,4
Q217,O,0,1,1972,10,12,2010,1987,2007,2004,2006,2004,2006,2005,32,34,33,5,2,4,5,3,5,3,5,2,5,5,5,6,2,4,5,4,5,4,5,3,3,2,5,0,5,2,4,5,3,5,3,5,2,5,5,5,6,2,4,5,4,5,4,5,3,3,2,5,Q217,5.333333333,5.5,3.666666667,5,5
T215,J,1,1,1973,10,24,2010,1985,2010,1973,1986,1985,1986,1985.5,12,13,12.5,6,7,5,5,5,6,7,6,1,7,4,6,4,7,1,6,5,6,4,6,2,4,7,6,0,6,7,5,5,5,6,7,6,1,7,4,6,4,7,1,6,5,6,4,6,2,4,7,6,T215,3.666666667,3.5,4,6,3.5
M26,J,0,1,1972,10,24,2010,1985,2010,1972,1991,1985,1991,1988,13,19,16,6,5,6,3,4,6,7,1,1,7,2,6,2,7,4,4,3,7,2,6,7,6,5,1,0,6,5,6,3,4,6,7,1,1,7,2,6,2,7,4,4,3,7,2,6,7,6,5,1,M26,3,2.75,4.333333333,4.666666667,3
V128,J,1,1,1985,10,24,2010,1985,2010,1985,1992,1985,1992,1988.5,0,7,3.5,1,1,2,1,1,3,6,6,2,2,1,2,7,5,1,7,6,2,1,1,3,4,7,7,0,1,1,2,1,1,3,6,6,2,2,1,2,7,5,1,7,6,2,1,1,3,4,7,7,V128,3.333333333,4.25,5.333333333,3.333333333,4
J452,J,0,1,1978,10,24,2010,1985,2010,1978,1990,1985,1990,1987.5,7,12,9.5,1,3,6,7,6,7,1,2,5,7,3,2,7,6,1,7,6,1,1,7,6,7,7,6,0,1,3,6,7,6,7,1,2,5,7,3,2,7,6,1,7,6,1,1,7,6,7,7,6,J452,5,4,5,7,2.5
J448,J,1,1,1984,10,24,2010,1985,2010,1984,1990,1985,1990,1987.5,1,6,3.5,1,3,1,1,6,2,2,6,2,1,1,4,1,1,1,2,1,1,1,1,2,7,7,2,0,1,3,1,1,6,2,2,6,2,1,1,4,1,1,1,2,1,1,1,1,2,7,7,2,J448,2.666666667,4.75,5.333333333,1.333333333,1.5
W399,J,1,1,1971,10,24,2010,1985,2010,1971,1998,1985,1998,1991.5,14,27,20.5,1,2,7,6,1,6,2,7,3,5,4,6,7,4,2,2,2,1,1,6,4,4,7,7,0,1,2,7,6,1,6,2,7,3,5,4,6,7,4,2,2,2,1,1,6,4,4,7,7,W399,4.666666667,5.75,3.666666667,4.333333333,5.5
Y342,J,1,1,1971,10,24,2010,1985,2010,1978,1986,1985,1986,1985.5,14,15,14.5,1,5,7,4,6,5,5,7,2,6,2,6,7,6,1,6,4,1,1,7,4,7,6,1,0,1,5,7,4,6,5,5,7,2,6,2,6,7,6,1,6,4,1,1,7,4,7,6,1,Y342,3.666666667,4.75,4,5.333333333,2
D191,J,1,1,1971,10,24,2010,1985,2010,1971,2012,1985,2010,1997.5,14,39,26.5,2,7,6,7,7,6,5,2,6,7,2,7,6,1,3,7,7,4,1,4,7,5,7,7,0,2,7,6,7,7,6,5,2,6,7,2,7,6,1,3,7,7,4,1,4,7,5,7,7,D191,3.666666667,3.5,4.666666667,7,1.5
W359,J,0,1,1970,10,24,2010,1985,2010,1992,2010,1992,2010,2001,22,40,31,1,7,5,1,6,2,1,2,6,3,6,5,7,4,6,7,5,7,1,7,6,6,6,1,0,1,7,5,1,6,2,1,2,6,3,6,5,7,4,6,7,5,7,1,7,6,6,6,1,W359,5,3.5,3.666666667,3.666666667,4
D224,O,0,1,1981,10,12,2010,1987,2007,1992,2001,1992,2001,1996.5,11,20,15.5,5,2,4,5,3,5,3,5,2,5,5,5,6,2,4,5,4,5,2,5,3,3,2,5,0,5,2,4,5,3,5,3,5,2,5,5,5,6,2,4,5,4,5,2,5,3,3,2,5,D224,5.333333333,5.5,3.666666667,5,5
B396,V,0,1,1986,10,26,2010,1996,2010,1986,2012,1996,2010,2003,10,24,17,3,4,2,4,4,2,1,4,1,4,1,1,7,2,1,7,4,2,7,4,2,4,7,1,0,3,4,2,4,4,2,1,4,1,4,1,1,7,2,1,7,4,2,7,4,2,4,7,1,B396,5.666666667,4.5,5,5,2.5
F357,V,0,1,1985,10,26,2010,1996,2010,1998,2008,1998,2008,2003,13,23,18,1,4,1,2,2,1,2,2,4,2,7,1,4,7,2,4,2,2,2,5,3,2,6,2,0,1,4,1,2,2,1,2,2,4,2,7,1,4,7,2,4,2,2,2,5,3,2,6,2,F357,3.666666667,3,5.333333333,2.666666667,6.5
J83,V,0,1,1983,10,26,2010,1996,2010,1997,2007,1997,2007,2002,14,24,19,1,7,4,2,4,1,2,2,1,4,1,2,6,6,1,7,2,2,6,3,2,4,7,1,0,1,7,4,2,4,1,2,2,1,4,1,2,6,6,1,7,2,2,6,3,2,4,7,1,J83,4.333333333,2,4.333333333,4.333333333,2.5
V331,V,0,1,1984,10,26,2010,1996,2010,1997,2012,1997,2010,2003.5,13,26,19.5,1,6,6,2,1,1,7,4,1,2,2,1,6,6,1,7,6,3,6,6,1,2,2,1,0,1,6,6,2,1,1,7,4,1,2,2,1,6,6,1,7,6,3,6,6,1,2,2,1,V331,2.666666667,3.5,3.333333333,3.666666667,4.5
A383,V,1,1,1988,10,26,2010,1996,2010,1988,2000,1996,2000,1998,8,12,10,1,2,7,4,3,5,4,6,2,4,7,7,4,4,2,5,3,7,3,6,6,5,2,7,0,1,2,7,4,3,5,4,6,2,4,7,7,4,4,2,5,3,7,3,6,6,5,2,7,A383,3,5.5,4.333333333,4.333333333,6
Z201,V,0,1,1988,10,26,2010,1996,2010,1994,2012,1996,2010,2003,8,22,15,1,4,1,4,4,1,2,4,4,4,2,1,2,1,1,2,2,4,5,4,3,2,4,1,0,1,4,1,4,4,1,2,4,4,4,2,1,2,1,1,2,2,4,5,4,3,2,4,1,Z201,3,4.75,5.666666667,3.333333333,3
R81,V,0,1,1988,10,26,2010,1996,2010,2000,2012,2000,2010,2005,12,22,17,1,4,2,4,4,1,4,4,4,4,1,2,4,1,1,4,3,1,4,4,6,6,3,1,0,1,4,2,4,4,1,4,4,4,4,1,2,4,1,1,4,3,1,4,4,6,6,3,1,R81,3,4.75,6.333333333,4,2.5
L112,V,1,1,1989,10,26,2010,1996,2010,1989,2012,1996,2010,2003,7,21,14,5,7,5,4,5,5,3,7,1,4,6,4,5,4,6,4,2,7,2,2,4,4,4,3,0,5,7,5,4,5,5,3,7,1,4,6,4,5,4,6,4,2,7,2,2,4,4,4,3,L112,5,3.5,3,4,4.5
Q72,V,0,1,1989,10,26,2010,1996,2010,1989,2012,1996,2010,2003,7,21,14,1,3,2,4,3,4,3,4,1,2,1,4,4,1,1,6,4,2,3,1,2,4,6,2,0,1,3,2,4,3,4,3,4,1,2,1,4,4,1,1,6,4,2,3,1,2,4,6,2,Q72,3.333333333,4.25,5,4,3
U464,V,1,1,1989,10,26,2010,1996,2010,1989,2000,1996,2000,1998,7,11,9,1,3,4,1,4,3,5,6,1,4,4,5,3,2,2,4,2,4,4,1,4,3,4,6,0,1,3,4,1,4,3,5,6,1,4,4,5,3,2,2,4,2,4,4,1,4,3,4,6,U464,2.333333333,4.5,4.666666667,3,4
O468,P,0,1,1957,10,11,2010,1977,2005,1971,1988,1977,1988,1982.5,20,31,25.5,1,2,3,4,5,6,1,2,1,2,3,1,3,1,4,4,1,2,7,3,4,6,4,1,0,1,2,3,4,5,6,1,2,1,2,3,1,3,1,4,4,1,2,7,3,4,6,4,1,O468,3.666666667,4.5,4.333333333,3.333333333,3
A100,V,0,1,1989,10,26,2010,1996,2010,2002,2010,2002,2010,2006,13,21,17,1,6,6,3,4,2,4,2,1,3,1,1,4,4,1,6,6,2,6,4,1,2,4,3,0,1,6,6,3,4,2,4,2,1,3,1,1,4,4,1,6,6,2,6,4,1,2,4,3,A100,3,3,3.333333333,4,2.5
R439,V,0,1,1990,10,26,2010,1996,2010,2002,2012,2002,2010,2006,12,20,16,1,6,6,2,4,1,4,4,1,1,3,4,4,5,1,4,3,2,6,4,6,3,4,1,0,1,6,6,2,4,1,4,4,1,1,3,4,4,5,1,4,3,2,6,4,6,3,4,1,R439,3,3.25,5,2.333333333,3.5
V467,V,0,1,1991,10,26,2010,1996,2010,1991,2006,1996,2006,2001,5,15,10,1,2,1,4,4,1,2,4,3,6,2,4,6,2,2,6,4,5,2,5,1,4,6,2,0,1,2,1,4,4,1,2,4,3,6,2,4,6,2,2,6,4,5,2,5,1,4,6,2,V467,4.333333333,5.25,4.666666667,5.333333333,3
M193,V,1,1,1992,10,27,2010,1996,2010,1992,2012,1996,2010,2003,4,18,11,7,1,2,2,6,4,3,6,7,4,7,4,7,6,2,7,4,6,1,6,7,4,4,4,0,7,1,2,2,6,4,3,6,7,4,7,4,7,6,2,7,4,6,1,6,7,4,4,4,M193,6.333333333,5.25,6.333333333,4.333333333,4.5
M395,V,0,1,1991,10,27,2010,1996,2010,1991,2012,1996,2010,2003,5,19,12,1,4,6,2,4,2,4,3,5,4,1,3,4,6,1,4,4,3,6,4,4,3,4,2,0,1,4,6,2,4,2,4,3,5,4,1,3,4,6,1,4,4,3,6,4,4,3,4,2,M395,3,3.25,4.333333333,3.333333333,2.5
C352,V,0,1,1992,10,27,2010,1996,2010,2005,2012,2005,2010,2007.5,13,18,15.5,1,4,1,1,4,1,4,6,1,1,5,3,6,1,1,5,1,1,6,4,6,3,4,1,0,1,4,1,1,4,1,4,6,1,1,5,3,6,1,1,5,1,1,6,4,6,3,4,1,C352,3.666666667,5.25,6.666666667,2.333333333,4.5
M63,V,0,1,1993,10,27,2010,1996,2010,1993,2012,1996,2010,2003,3,17,10,1,2,4,5,5,2,6,6,1,4,4,5,6,1,1,6,1,4,2,6,4,6,4,2,0,1,2,4,5,5,2,6,6,1,4,4,5,6,1,1,6,1,4,2,6,4,6,4,2,M63,3,6.25,5,5,3.5
F145,V,1,1,1993,10,27,2010,1996,2010,1994,2012,1996,2010,2003,3,17,10,1,3,1,1,4,1,5,4,1,1,3,4,4,2,1,4,4,4,3,4,4,5,6,1,0,1,3,1,1,4,1,5,4,1,1,3,4,4,2,1,4,4,4,3,4,4,5,6,1,F145,2.666666667,4.75,6,2,3.5
J278,V,0,1,1992,10,27,2010,1996,2010,2004,2012,2004,2010,2007,12,18,15,1,4,4,1,3,1,6,5,1,1,4,4,4,1,1,2,1,1,6,4,5,1,6,4,0,1,4,4,1,3,1,6,5,1,1,4,4,4,1,1,2,1,1,6,4,5,1,6,4,J278,2.333333333,5,5.333333333,1.333333333,4.5
J448,O,1,1,1984,10,12,2010,1987,2007,1984,1990,1987,1990,1988.5,3,6,4.5,5,2,4,5,2,5,3,5,2,5,5,5,6,2,4,5,4,5,4,5,3,7,2,5,0,5,2,4,5,2,5,3,5,2,5,5,5,6,2,4,5,4,5,4,5,3,7,2,5,J448,5.333333333,5.5,3.666666667,5,5.5
I415,V,1,1,1994,10,27,2010,1996,2010,1994,2012,1996,2010,2003,2,16,9,5,7,2,2,4,4,2,7,1,4,7,5,4,6,6,7,4,7,2,6,6,4,2,4,0,5,7,2,2,4,4,2,7,1,4,7,5,4,6,6,7,4,7,2,6,6,4,2,4,I415,5,4,4.666666667,4.333333333,5.5
N478,V,1,1,1996,10,27,2010,1996,2010,1996,2012,1996,2010,2003,0,14,7,2,2,4,3,4,5,3,7,1,4,7,6,4,5,1,5,5,6,2,4,5,4,4,4,0,2,2,4,3,4,5,3,7,1,4,7,6,4,5,1,5,5,6,2,4,5,4,4,4,N478,3.666666667,5,5.333333333,4,5.5
K480,V,1,1,1996,10,27,2010,1996,2010,1996,2012,1996,2010,2003,0,14,7,1,5,1,1,4,1,1,6,4,4,3,1,2,4,1,3,4,2,4,2,3,4,4,1,0,1,5,1,1,4,1,1,6,4,4,3,1,2,4,1,3,4,2,4,2,3,4,4,1,K480,3.333333333,3.75,5.666666667,2.666666667,3.5
P109,V,0,1,1998,10,27,2010,1996,2010,1998,2010,1998,2010,2004,0,12,6,1,5,1,1,7,1,7,6,1,1,2,4,1,1,1,4,1,4,6,2,5,4,6,1,0,1,5,1,1,7,1,7,6,1,1,2,4,1,1,1,4,1,4,6,2,5,4,6,1,P109,1,4.5,6.333333333,2,1.5
C133,V,0,1,1998,10,27,2010,1996,2010,1998,2012,1998,2010,2004,0,12,6,1,2,3,4,4,1,6,6,1,5,2,4,5,1,1,4,4,6,6,7,3,4,6,5,0,1,2,3,4,4,1,6,6,1,5,2,4,5,1,1,4,4,6,6,7,3,4,6,5,C133,2.666666667,6.5,5,4.333333333,3
K206,V,0,1,1998,10,27,2010,1996,2010,1998,2012,1998,2010,2004,0,12,6,1,2,4,4,4,1,6,5,1,4,2,4,7,1,1,6,1,5,3,6,4,5,6,2,0,1,2,4,4,4,1,6,5,1,4,2,4,7,1,1,6,1,5,3,6,4,5,6,2,K206,3.333333333,6,5,4.666666667,3
U97,V,0,1,1998,10,27,2010,1996,2010,1998,2012,1998,2010,2004,0,12,6,1,6,7,1,4,1,3,4,1,5,1,2,6,4,1,6,4,2,2,6,2,4,7,1,0,1,6,7,1,4,1,3,4,1,5,1,2,6,4,1,6,4,2,2,6,2,4,7,1,U97,4,4,3.333333333,4,2.5
E125,V,0,1,1999,10,27,2010,1996,2010,1999,2012,1999,2010,2004.5,0,11,5.5,1,3,1,1,6,1,6,7,1,4,2,1,6,1,1,4,1,5,4,1,1,4,4,2,0,1,3,1,1,6,1,6,7,1,4,2,1,6,1,1,4,1,5,4,1,1,4,4,2,E125,3,5,5,3,2
F225,V,1,1,1999,10,27,2010,1996,2010,1999,2012,1999,2010,2004.5,0,11,5.5,2,2,1,2,4,1,6,7,1,4,7,4,5,1,1,4,4,6,5,3,6,4,4,2,0,2,2,1,2,4,1,6,7,1,4,7,4,5,1,1,4,4,6,5,3,6,4,4,2,F225,3,5.75,6.666666667,3.333333333,5.5
K497,V,1,1,2000,10,27,2010,1996,2010,2000,2012,2000,2010,2005,0,10,5,1,2,4,2,1,1,2,7,1,4,6,3,5,2,1,4,2,6,4,5,5,4,6,2,0,1,2,4,2,1,1,2,7,1,4,6,3,5,2,1,4,2,6,4,5,5,4,6,2,K497,4,6,5.333333333,3.333333333,6.5
V128,O,1,1,1985,10,12,2010,1987,2007,1985,1992,1987,1992,1989.5,2,7,4.5,5,2,4,6,2,5,3,5,2,5,5,5,6,2,4,5,4,5,4,5,3,6,2,5,0,5,2,4,6,2,5,3,5,2,5,5,5,6,2,4,5,4,5,4,5,3,6,2,5,V128,5.333333333,5.5,3.666666667,5.333333333,5.5
P80,X,1,1,1949,4,16,2011,1971,2005,1963,1975,1971,1975,1973,22,26,24,3,2,2,2,5,2,4,6,2,6,2,3,2,2,2,5,4,3,6,5,3,3,5,6,0,3,2,2,2,5,2,4,6,2,6,2,3,2,2,2,5,4,3,6,5,3,3,5,6,P80,3,5.75,5,4.333333333,2.5
D152,X,0,1,1958,4,17,2011,1971,2005,1963,2004,1971,2004,1987.5,13,46,29.5,7,1,2,7,6,3,5,6,2,7,5,3,4,3,3,5,4,4,4,2,3,3,6,7,0,7,1,2,7,6,3,5,6,2,7,5,3,4,3,3,5,4,4,4,2,3,3,6,7,D152,4.666666667,5,4.666666667,6.333333333,3.5
U376,X,1,1,1953,4,17,2011,1971,2005,1963,1982,1971,1982,1976.5,18,29,23.5,7,1,6,2,3,3,2,6,6,6,7,4,5,6,2,5,2,4,5,7,4,4,6,7,0,7,1,6,2,3,3,2,6,6,6,7,4,5,6,2,5,2,4,5,7,4,4,6,7,U376,6,5.5,4,4.333333333,6
Z329,X,0,1,1919,4,16,2011,1971,2005,1963,1972,1971,1972,1971.5,52,53,52.5,1,2,1,7,3,1,6,4,1,6,2,1,1,1,1,5,5,1,2,1,2,1,7,1,0,1,2,1,7,3,1,6,4,1,6,2,1,1,1,1,5,5,1,2,1,2,1,7,1,Z329,1.333333333,4.5,5.333333333,6,3.5
B89,X,0,1,1952,4,17,2011,1971,2005,1965,1987,1971,1987,1979,19,35,27,2,6,2,6,2,2,3,6,2,6,2,2,5,3,3,4,4,4,5,2,3,3,4,3,0,2,6,2,6,2,2,3,6,2,6,2,2,5,3,3,4,4,4,5,2,3,3,4,3,B89,4,3.75,4.666666667,5.333333333,4
R475,X,1,1,1951,4,16,2011,1971,2005,1963,1977,1971,1977,1974,20,26,23,4,5,3,2,5,6,2,6,3,7,6,4,7,3,3,5,2,3,6,3,2,6,6,6,0,4,5,3,2,5,6,2,6,3,7,6,4,7,3,3,5,2,3,6,3,2,6,6,6,R475,5.666666667,4.25,4,4.666666667,4.5
F17,X,1,1,1948,4,16,2011,1971,2005,1965,1974,1971,1974,1972.5,23,26,24.5,3,5,2,5,3,3,2,3,3,6,5,4,5,5,2,5,3,4,4,4,3,3,4,5,0,3,5,2,5,3,3,2,3,3,6,5,4,5,5,2,5,3,4,4,4,3,3,4,5,F17,4.666666667,3.25,5,5.333333333,5
U228,X,1,1,1952,4,17,2011,1971,2005,1963,1993,1971,1993,1982,19,41,30,3,2,3,6,4,5,6,6,2,7,6,5,6,5,5,6,2,2,7,6,3,3,5,7,0,3,2,3,6,4,5,6,6,2,7,6,5,6,5,5,6,2,2,7,6,3,3,5,7,U228,3.666666667,5.25,3.666666667,6.333333333,5
G333,X,1,1,1947,4,16,2011,1971,2005,1963,1975,1971,1975,1973,24,28,26,2,2,2,5,4,2,5,6,2,5,2,2,5,2,2,4,3,3,5,3,4,3,6,4,0,2,2,2,5,4,2,5,6,2,5,2,2,5,2,2,4,3,3,5,3,4,3,6,4,G333,3.333333333,5.25,5.333333333,4.666666667,3
Y235,O,0,1,1985,10,12,2010,1987,2007,1985,1996,1987,1996,1991.5,2,11,6.5,5,2,4,6,2,5,3,5,2,5,5,5,6,2,4,5,4,5,4,5,3,7,2,5,0,5,2,4,6,2,5,3,5,2,5,5,5,6,2,4,5,4,5,4,5,3,7,2,5,Y235,5.333333333,5.5,3.666666667,5.333333333,5.5
H340,X,0,1,1954,4,17,2011,1971,2005,1963,1993,1971,1993,1982,17,39,28,7,6,5,6,4,3,3,5,4,6,6,4,4,5,4,3,3,3,5,5,4,4,6,4,0,7,6,5,6,4,3,3,5,4,6,6,4,4,5,4,3,3,3,5,5,4,4,6,4,H340,5.333333333,3.75,3.666666667,5,5
W10,X,0,1,1960,4,17,2011,1971,2005,1963,1979,1971,1979,1975,11,19,15,2,2,2,6,3,3,3,4,3,4,2,2,3,3,3,2,3,2,2,2,3,3,3,3,0,2,2,2,6,3,3,3,4,3,4,2,2,3,3,3,2,3,2,2,2,3,3,3,3,W10,3.333333333,4.25,4.666666667,4,3.5
P302,X,1,1,1937,4,16,2011,1971,2005,1963,1975,1971,1975,1973,34,38,36,2,6,1,2,5,5,6,6,4,7,2,2,6,1,1,5,4,1,1,3,1,6,6,4,0,2,6,1,2,5,5,6,6,4,7,2,2,6,1,1,5,4,1,1,3,1,6,6,4,P302,3.333333333,4.5,5,4.666666667,2.5
K205,X,0,1,1961,4,17,2011,1971,2005,1973,1981,1973,1981,1977,12,20,16,3,3,3,5,3,3,3,3,3,3,3,3,3,3,3,3,4,3,4,2,2,2,3,3,0,3,3,3,5,3,3,3,3,3,3,3,3,3,3,3,3,4,3,4,2,2,2,3,3,K205,3.666666667,3.75,4,3.666666667,4
G334,X,0,1,1965,4,17,2011,1971,2005,1965,1980,1971,1980,1975.5,6,15,10.5,3,2,2,5,3,3,3,3,3,4,3,3,3,3,3,3,3,3,3,2,2,2,3,4,0,3,2,2,5,3,3,3,3,3,4,3,3,3,3,3,3,3,3,3,2,2,2,3,4,G334,3.666666667,4,4.333333333,4,4
P186,X,1,1,1944,4,16,2011,1971,2005,1963,1972,1971,1972,1971.5,27,28,27.5,4,5,3,2,5,6,2,6,3,7,6,3,6,2,3,6,2,3,6,2,2,3,6,6,0,4,5,3,2,5,6,2,6,3,7,6,3,6,2,3,6,2,3,6,2,2,3,6,6,P186,5.333333333,4.25,4,5,4.5
G103,X,1,1,1936,4,16,2011,1971,2005,1963,1975,1971,1975,1973,35,39,37,6,2,2,5,6,6,3,6,1,6,2,6,6,1,1,6,4,2,2,5,2,2,6,7,0,6,2,2,5,6,6,3,6,1,6,2,6,6,1,1,6,4,2,2,5,2,2,6,7,G103,5.666666667,6,5,5.666666667,2
T466,X,1,1,1946,4,16,2011,1971,2005,1963,1981,1971,1981,1976,25,35,30,7,1,6,2,6,6,3,6,1,7,2,3,6,2,6,5,2,2,6,6,2,2,6,6,0,7,1,6,2,6,6,3,6,1,7,2,3,6,2,6,5,2,2,6,6,2,2,6,6,T466,6,6.25,2,4.666666667,2
Q315,X,1,1,1956,4,17,2011,1971,2005,1964,1987,1971,1987,1979,15,31,23,5,6,4,6,5,5,5,6,3,7,6,4,6,3,5,4,3,3,5,6,3,3,4,7,0,5,6,4,6,5,5,5,6,3,7,6,4,6,3,5,4,3,3,5,6,3,3,4,7,Q315,4.666666667,4.75,3.333333333,5.666666667,4.5
Z329,H,0,1,1919,10,12,2010,1969,2005,1963,1972,1969,1972,1970.5,50,53,51.5,1,6,1,7,5,5,2,1,1,3,1,3,7,7,3,1,3,3,1,3,1,1,7,3,0,1,6,1,7,5,5,2,1,1,3,1,3,7,7,3,1,3,3,1,3,1,1,7,3,Z329,4.666666667,1.75,4.333333333,3.666666667,2
A412,X,0,1,1945,4,16,2011,1971,2005,1963,1975,1971,1975,1973,26,30,28,2,2,2,6,3,2,5,6,2,5,2,2,2,2,1,6,3,2,6,2,6,2,3,2,0,2,2,2,6,3,2,5,6,2,5,2,2,2,2,1,6,3,2,6,2,6,2,3,2,A412,2.333333333,5,6.333333333,5.666666667,3.5
C154,X,0,1,1949,4,16,2011,1971,2005,1963,1986,1971,1986,1978.5,22,37,29.5,2,2,2,6,4,2,4,6,3,6,3,2,4,2,2,2,2,2,6,3,4,3,3,2,0,2,2,2,6,4,2,4,6,3,6,3,2,4,2,2,2,2,2,6,3,4,3,3,2,C154,3.333333333,5.25,5.333333333,4.666666667,3.5
D38,X,0,1,1956,4,17,2011,1971,2005,1963,1987,1971,1987,1979,15,31,23,4,5,2,5,3,3,3,5,4,6,3,3,5,3,5,3,3,3,6,3,3,3,3,5,0,4,5,2,5,3,3,3,5,4,6,3,3,5,3,5,3,3,3,6,3,3,3,3,5,D38,4.666666667,4,4,4.666666667,4
E163,X,1,1,1938,4,16,2011,1971,2005,1963,1975,1971,1975,1973,33,37,35,3,2,2,7,5,2,5,6,2,6,5,2,4,1,1,6,2,1,2,4,3,6,NA,3,1,3,2,2,7,5,2,5,6,2,6,5,2,4,1,1,6,2,1,2,4,3,6,4.588235294,3,E163,3.333333333,5.75,5.333333333,6.333333333,4
H389,X,0,1,1950,4,16,2011,1971,2005,1965,1987,1971,1987,1979,21,37,29,2,5,6,5,3,2,2,3,2,4,3,3,6,6,3,3,3,3,5,4,3,2,2,2,0,2,5,6,5,3,2,2,3,2,4,3,3,6,6,3,3,3,3,5,4,3,2,2,2,H389,4.666666667,3,3.333333333,4,4
X489,X,0,1,1953,4,17,2011,1971,2005,1965,1975,1971,1975,1973,18,22,20,3,5,4,7,3,2,3,3,2,6,2,2,4,3,3,4,3,3,6,5,3,3,3,3,0,3,5,4,7,3,2,3,3,2,6,2,2,4,3,3,4,3,3,6,5,3,3,3,3,X489,4,4,4,5.666666667,3.5
R312,X,0,1,1952,4,17,2011,1971,2005,1965,1982,1971,1982,1976.5,19,30,24.5,3,5,2,7,3,5,3,5,2,7,2,3,4,5,3,5,4,4,5,4,3,3,3,6,0,3,5,2,7,3,5,3,5,2,7,2,3,4,5,3,5,4,4,5,4,3,3,3,6,R312,4,3.75,4.666666667,6.333333333,3.5
C332,X,0,1,1949,4,16,2011,1971,2005,1964,1982,1971,1982,1976.5,22,33,27.5,6,7,5,1,2,6,2,4,2,2,2,3,4,5,6,2,2,2,6,5,4,4,2,6,0,6,7,5,1,2,6,2,4,2,2,2,3,4,5,6,2,2,2,6,5,4,4,2,6,C332,5.333333333,3.25,3,1.666666667,4
I142,X,1,1,1955,4,17,2011,1971,2005,1965,1987,1971,1987,1979,16,32,24,6,6,4,6,3,5,5,6,3,6,5,4,5,5,2,3,4,4,6,5,4,4,4,7,0,6,6,4,6,3,5,5,6,3,6,5,4,5,5,2,3,4,4,6,5,4,4,4,7,I142,4.666666667,4,4.666666667,5,5
G103,H,1,1,1936,10,12,2010,1969,2005,1963,1975,1969,1975,1972,33,39,36,6,2,7,3,7,3,7,7,6,7,7,7,7,1,7,7,3,7,7,7,3,3,7,7,0,6,2,7,3,7,3,7,7,6,7,7,7,7,1,7,7,3,7,7,7,3,3,7,7,G103,4.666666667,6.75,1.666666667,5.666666667,4
M203,X,1,1,1961,4,17,2011,1971,2005,1967,1979,1971,1979,1975,10,18,14,2,2,2,4,3,3,3,3,3,4,4,3,3,3,3,2,4,2,3,2,3,3,3,2,0,2,2,2,4,3,3,3,3,3,4,4,3,3,3,3,2,4,2,3,2,3,3,3,2,M203,3.333333333,4,4.666666667,3.333333333,4.5
Y440,X,1,1,1959,4,17,2011,1971,2005,1964,1977,1971,1977,1974,12,18,15,5,2,2,6,3,6,4,5,4,6,5,3,6,4,3,3,3,3,6,4,4,3,5,7,0,5,2,2,6,3,6,4,5,4,6,5,3,6,4,3,3,3,3,6,4,4,3,5,7,Y440,5,4.75,5,5,5
M26,O,0,1,1972,10,12,2010,1987,2007,1972,1991,1987,1991,1989,15,19,17,5,2,4,6,2,5,3,5,2,5,5,5,6,2,4,5,4,5,4,5,3,7,2,5,0,5,2,4,6,2,5,3,5,2,5,5,5,6,2,4,5,4,5,4,5,3,7,2,5,M26,5.333333333,5.5,3.666666667,5.333333333,5.5
P302,H,1,1,1937,10,12,2010,1969,2005,1963,1975,1969,1975,1972,32,38,35,2,7,3,3,3,7,4,4,6,4,3,3,3,7,7,4,4,6,3,6,3,6,5,3,0,2,7,3,3,3,7,4,4,6,4,3,3,3,7,7,4,4,6,3,6,3,6,5,3,P302,3,3,3,3.666666667,4
E163,H,1,1,1938,10,12,2010,1969,2005,1963,1975,1969,1975,1972,31,37,34,7,1,7,7,7,7,7,7,7,7,7,7,7,1,3,7,7,7,3,3,7,7,7,7,0,7,1,7,7,7,7,7,7,7,7,7,7,7,1,3,7,7,7,3,3,7,7,7,7,E163,5,6,4.333333333,7,4
P186,H,1,1,1944,10,12,2010,1969,2005,1963,1972,1969,1972,1970.5,25,28,26.5,7,6,7,6,7,6,6,5,6,7,7,7,7,3,7,6,6,6,4,4,7,6,7,5,0,7,6,7,6,7,6,6,5,6,7,7,7,7,3,7,6,6,6,4,4,7,6,7,5,P186,5.333333333,4,3,6.333333333,4
T466,H,1,1,1946,10,12,2010,1969,2005,1963,1981,1969,1981,1975,23,35,29,7,1,7,1,6,5,7,7,6,6,6,5,4,7,7,5,7,4,3,7,5,5,3,3,0,7,1,7,1,6,5,7,7,6,6,6,5,4,7,7,5,7,4,3,7,5,5,3,3,T466,4,5.5,2.333333333,4,4
Z189,O,0,1,1973,10,11,2010,1987,2007,1973,2012,1987,2007,1997,14,34,24,2,3,1,5,6,6,1,7,1,7,3,5,1,2,2,3,1,5,3,5,4,1,2,5,0,2,3,1,5,6,6,1,7,1,7,3,5,1,2,2,3,1,5,3,5,4,1,2,5,Z189,3.333333333,5.75,5.666666667,5,2.5
A412,H,0,1,1945,10,12,2010,1969,2005,1963,1975,1969,1975,1972,24,30,27,3,4,1,5,5,7,2,2,2,1,1,1,2,2,1,5,7,2,2,5,7,3,6,1,0,3,4,1,5,5,7,2,2,2,1,1,1,2,2,1,5,7,2,2,5,7,3,6,1,A412,3.666666667,4.25,7,3.666666667,2
G333,H,1,1,1947,10,12,2010,1969,2005,1963,1975,1969,1975,1972,22,28,25,2,4,2,4,4,2,6,6,1,7,6,5,6,1,1,7,5,6,7,1,5,3,7,7,0,2,4,2,4,4,2,6,6,1,7,6,5,6,1,1,7,5,6,7,1,5,3,7,7,G333,3.333333333,4.5,6,6,5
R475,H,1,1,1951,10,12,2010,1969,2005,1963,1977,1969,1977,1973,18,26,22,7,2,7,6,5,5,6,7,3,6,4,7,6,3,5,4,7,3,7,2,5,6,7,6,0,7,2,7,6,5,5,6,7,3,6,4,7,6,3,5,4,7,3,7,2,5,6,7,6,R475,5,5,3,5.333333333,3.5
C154,H,0,1,1949,10,12,2010,1969,2005,1963,1986,1969,1986,1977.5,20,37,28.5,1,3,4,6,3,1,7,6,6,6,5,5,7,3,6,2,6,5,4,6,5,6,5,5,0,1,3,4,6,3,1,7,6,6,6,5,5,7,3,6,2,6,5,4,6,5,6,5,5,C154,3,5.5,3.666666667,4.666666667,5
P80,H,1,1,1949,10,12,2010,1969,2005,1963,1975,1969,1975,1972,20,26,23,2,3,3,6,5,2,6,6,2,6,3,2,3,2,1,1,6,2,2,2,2,1,4,1,0,2,3,3,6,5,2,6,6,2,6,3,2,3,2,1,1,6,2,2,2,2,1,4,1,P80,2.333333333,4.75,4.666666667,4.333333333,3
C332,H,0,1,1949,10,12,2010,1969,2005,1964,1982,1969,1982,1975.5,20,33,26.5,6,5,4,2,4,3,6,6,3,4,3,4,4,5,4,6,3,6,6,7,6,5,2,1,0,6,5,4,2,4,3,6,6,3,4,3,4,4,5,4,6,3,6,6,7,6,5,2,1,C332,4,4.75,4.666666667,4,3.5
H389,H,0,1,1950,10,12,2010,1969,2005,1965,1987,1969,1987,1978,19,37,28,2,7,4,2,4,3,3,2,4,2,4,2,5,2,4,5,2,2,2,6,5,6,2,2,0,2,7,4,2,4,3,3,2,4,2,4,2,5,2,4,5,2,2,2,6,5,6,2,2,H389,4,3.75,4.333333333,3,4
U228,H,1,1,1952,10,12,2010,1969,2005,1963,1993,1969,1993,1981,17,41,29,4,2,5,4,6,5,5,5,4,6,5,4,6,4,3,3,4,2,4,6,4,4,3,5,0,4,2,5,4,6,5,5,5,4,6,5,4,6,4,3,3,4,2,4,6,4,4,3,5,U228,4.333333333,5.25,4,4.333333333,3.5
J295,P,0,1,1970,10,11,2010,1977,2005,1970,2012,1977,2005,1991,7,35,21,1,2,3,4,3,1,2,7,2,7,2,3,2,7,1,2,3,7,1,7,7,2,3,2,0,1,2,3,4,3,1,2,7,2,7,2,3,2,7,1,2,3,7,1,7,7,2,3,2,J295,3,5.25,6.333333333,4.333333333,3.5
V52,O,0,1,1973,10,11,2010,1987,2007,1985,2012,1987,2007,1997,14,34,24,3,3,2,2,3,1,2,1,1,5,2,5,7,2,1,5,2,5,2,5,6,5,2,5,0,3,3,2,2,3,1,2,1,1,5,2,5,7,2,1,5,2,5,2,5,6,5,2,5,V52,5.333333333,4.25,6.333333333,4,3.5
K405,P,1,1,1976,10,11,2010,1977,2005,1976,2012,1977,2005,1991,1,29,15,6,2,7,3,3,7,7,4,2,7,3,5,4,2,7,4,6,7,6,7,7,7,2,5,0,6,2,7,3,3,7,7,4,2,7,3,5,4,2,7,4,6,7,6,7,7,7,2,5,K405,3.666666667,5.75,3,4.666666667,4
X261,P,0,1,1969,10,11,2010,1977,2005,1983,2007,1983,2005,1994,14,36,25,1,7,3,2,1,3,6,5,4,2,3,1,3,6,3,2,7,4,2,3,6,5,4,2,0,1,7,3,2,1,3,6,5,4,2,3,1,3,6,3,2,7,4,2,3,6,5,4,2,X261,2,2.75,5.333333333,2,5
Y342,P,1,1,1971,10,11,2010,1977,2005,1978,1986,1978,1986,1982,7,15,11,1,2,4,3,7,4,3,7,2,6,2,5,3,4,1,3,2,4,5,6,4,2,7,2,0,1,2,4,3,7,4,3,7,2,6,2,5,3,4,1,3,2,4,5,6,4,2,7,2,Y342,3,5.75,5,4,1.5
G195,P,0,1,1977,10,11,2010,1977,2005,1977,1983,1977,1983,1980,0,6,3,1,2,7,3,7,2,7,7,3,7,2,4,2,5,2,3,4,7,6,7,7,5,4,6,0,1,2,7,3,7,2,7,7,3,7,2,4,2,5,2,3,4,7,6,7,7,5,4,6,G195,1.333333333,5.75,4.666666667,4.333333333,1.5
Q461,P,0,1,1970,10,11,2010,1977,2005,1970,2003,1977,2003,1990,7,33,20,1,1,2,7,7,1,7,7,4,2,1,4,3,6,2,3,7,6,4,7,7,4,7,6,0,1,1,2,7,7,1,7,7,4,2,1,4,3,6,2,3,7,6,4,7,7,4,7,6,Q461,1.666666667,5.75,6.333333333,4,1
N319,P,1,1,1969,10,11,2010,1977,2005,1973,2002,1977,2002,1989.5,8,33,20.5,1,2,3,2,3,2,4,7,6,3,1,2,3,5,7,1,2,3,6,7,5,6,5,2,0,1,2,3,2,3,2,4,7,6,3,1,2,3,5,7,1,2,3,6,7,5,6,5,2,N319,2.666666667,5.75,3.666666667,2,3
W399,P,1,1,1971,10,11,2010,1977,2005,1971,1998,1977,1998,1987.5,6,27,16.5,1,5,3,5,2,3,4,2,5,1,3,2,1,4,2,1,7,7,4,7,7,7,2,3,0,1,5,3,5,2,3,4,2,5,1,3,2,1,4,2,1,7,7,4,7,7,7,2,3,W399,2,4,6,2.333333333,4.5
D191,P,1,1,1971,10,11,2010,1977,2005,1971,2012,1977,2005,1991,6,34,20,7,1,2,7,7,6,7,6,3,7,2,3,1,4,2,5,1,5,3,5,4,3,5,4,0,7,1,2,7,7,6,7,6,3,7,2,3,1,4,2,5,1,5,3,5,4,3,5,4,D191,3,5.5,5.333333333,6.333333333,1.5
G19,P,1,1,1967,10,11,2010,1977,2005,1967,1999,1977,1999,1988,10,32,21,1,2,3,4,2,1,4,7,3,4,1,4,NA,6,2,1,2,4,4,1,2,3,4,2,1,1,2,3,4,2,1,4,7,3,4,1,4,4.934497817,6,2,1,2,4,4,1,2,3,4,2,G19,3.311499272,4,4.333333333,3,3.5
N309,P,1,1,1965,10,11,2010,1977,2005,1965,1987,1977,1987,1982,12,22,17,1,2,6,4,1,2,7,4,6,1,4,5,2,7,3,2,3,2,1,2,6,7,6,3,0,1,2,6,4,1,2,7,4,6,1,4,5,2,7,3,2,3,2,1,2,6,7,6,3,N309,1.333333333,3.25,4.333333333,2.333333333,5.5
M162,O,1,1,1976,10,11,2010,1987,2007,1976,1990,1987,1990,1988.5,11,14,12.5,5,3,2,3,2,4,7,5,3,6,5,5,5,2,5,7,2,5,2,5,2,5,2,5,0,5,3,2,3,2,4,7,5,3,6,5,5,5,2,5,7,2,5,2,5,2,5,2,5,M162,3.666666667,5.25,3.666666667,5.333333333,5.5
U376,H,1,1,1953,10,12,2010,1969,2005,1963,1982,1969,1982,1975.5,16,29,22.5,7,2,6,6,2,5,6,7,2,6,6,6,6,4,2,4,4,5,2,2,6,2,6,7,0,7,2,6,6,2,5,6,7,2,6,6,6,6,4,2,4,4,5,2,2,6,2,6,7,U376,5,4.75,4.666666667,5.333333333,6
X489,H,0,1,1953,10,13,2010,1969,2005,1965,1975,1969,1975,1972,16,22,19,2,4,2,6,5,2,6,6,3,5,3,2,6,6,2,5,6,4,2,5,6,6,6,6,0,2,4,2,6,5,2,6,6,3,5,3,2,6,6,2,5,6,4,2,5,6,6,6,6,X489,3.333333333,4.25,6,5.333333333,3
B89,H,0,1,1952,10,13,2010,1969,2005,1965,1987,1969,1987,1978,17,35,26,2,2,2,2,2,2,6,6,2,3,2,2,2,2,2,2,2,2,2,3,3,3,6,7,0,2,2,2,2,2,2,6,6,2,3,2,2,2,2,2,2,2,2,2,3,3,3,6,7,B89,2,5.25,5,2.333333333,4
R312,H,0,1,1952,10,13,2010,1969,2005,1965,1982,1969,1982,1975.5,17,30,23.5,2,2,1,6,5,3,6,6,2,6,2,2,5,5,3,4,5,2,2,5,4,4,6,6,0,2,2,1,6,5,3,6,6,2,6,2,2,5,5,3,4,5,2,2,5,4,4,6,6,R312,3,5,5.333333333,5.333333333,2.5
H340,H,0,1,1954,10,13,2010,1969,2005,1963,1993,1969,1993,1981,15,39,27,6,2,6,5,6,6,5,6,6,6,6,5,6,6,6,6,5,6,6,5,5,6,6,6,0,6,2,6,5,6,6,5,6,6,6,6,5,6,6,6,6,5,6,6,5,5,6,6,6,H340,5,4.75,3,5.666666667,4
Q315,H,1,1,1956,10,13,2010,1969,2005,1964,1987,1969,1987,1978,13,31,22,2,6,6,6,3,3,6,6,6,6,4,6,6,4,5,6,2,6,7,6,6,2,7,7,0,2,6,6,6,3,3,6,6,6,6,4,6,6,4,5,6,2,6,7,6,6,2,7,7,Q315,3.333333333,4.5,3.666666667,6,4.5
K398,P,0,1,1966,10,13,2010,1977,2005,1979,1992,1979,1992,1985.5,13,26,19.5,1,2,3,6,4,1,6,7,3,7,5,4,2,3,1,2,3,4,6,7,7,2,5,4,0,1,2,3,6,4,1,6,7,3,7,5,4,2,3,1,2,3,4,6,7,7,2,5,4,K398,1.666666667,6.25,6.333333333,5,4.5
K405,O,1,1,1976,10,11,2010,1987,2007,1976,2012,1987,2007,1997,11,31,21,5,2,4,2,1,5,6,5,2,5,7,5,6,5,5,6,1,5,2,5,3,1,2,5,0,5,2,4,2,1,5,6,5,2,5,7,5,6,5,5,6,1,5,2,5,3,1,2,5,K405,4.333333333,4.75,3.333333333,4.333333333,7
D38,H,0,1,1956,10,13,2010,1969,2005,1963,1987,1969,1987,1978,13,31,22,6,5,2,6,4,6,6,6,6,6,2,2,5,6,6,6,3,6,5,6,NA,2,4,6,1,6,5,2,6,4,6,6,6,6,6,2,2,5,6,6,6,3,6,5,6,3.817982456,2,4,6,D38,4.333333333,4.25,3.939327485,6,3
I142,H,1,1,1955,10,13,2010,1969,2005,1965,1987,1969,1987,1978,14,32,23,3,6,4,2,5,2,6,6,6,6,2,3,2,2,6,2,2,2,5,5,4,2,6,7,0,3,6,4,2,5,2,6,6,6,6,2,3,2,2,6,2,2,2,5,5,4,2,6,7,I142,2.333333333,4.75,3.333333333,3.333333333,2.5
U150,P,0,1,1969,10,13,2010,1977,2005,1969,1983,1977,1983,1980,8,14,11,1,2,6,7,1,4,7,6,1,7,4,2,3,6,3,1,3,7,6,4,6,1,7,3,0,1,2,6,7,1,4,7,6,1,7,4,2,3,6,3,1,3,7,6,4,6,1,7,3,U150,1.666666667,4.5,4.333333333,5,5.5
W359,P,0,1,1970,10,13,2010,1977,2005,1992,2010,1992,2005,1998.5,22,35,28.5,1,5,3,6,4,1,7,2,3,7,2,1,2,3,4,2,3,7,6,5,7,3,2,1,0,1,5,3,6,4,1,7,2,3,7,2,1,2,3,4,2,3,7,6,5,7,3,2,1,W359,1.333333333,3.75,5.333333333,5,3
D152,H,0,1,1958,10,13,2010,1969,2005,1963,2004,1969,2004,1986.5,11,46,28.5,4,2,6,6,6,6,6,7,5,7,6,7,5,6,6,6,2,6,6,6,6,2,6,7,0,4,2,6,6,6,6,6,7,5,7,6,7,5,6,6,6,2,6,6,6,6,2,6,7,D152,3.666666667,5.25,3.333333333,6.333333333,4
Y440,H,1,1,1959,10,13,2010,1969,2005,1964,1977,1969,1977,1973,10,18,14,3,2,5,5,3,3,6,6,6,6,2,2,3,3,5,2,5,2,4,2,2,2,3,7,0,3,2,5,5,3,3,6,6,6,6,2,2,3,3,5,2,5,2,4,2,2,2,3,7,Y440,2.666666667,4.75,2.666666667,4.333333333,3.5
M203,H,1,1,1961,10,13,2010,1969,2005,1967,1979,1969,1979,1974,8,18,13,2,6,3,6,5,3,6,6,6,6,5,6,6,6,5,4,2,6,5,5,5,2,6,6,0,2,6,3,6,5,3,6,6,6,6,5,6,6,6,5,4,2,6,5,5,5,2,6,6,M203,3.333333333,3.75,4.333333333,5.333333333,4
W10,P,0,1,1960,10,11,2010,1977,2005,1963,1979,1977,1979,1978,17,19,18,2,1,1,3,1,2,3,4,5,2,1,4,3,2,1,2,1,3,1,1,4,1,3,2,0,2,1,1,3,1,2,3,4,5,2,1,4,3,2,1,2,1,3,1,1,4,1,3,2,W10,3.333333333,4.5,6,2.333333333,4
K205,P,0,1,1961,10,13,2010,1977,2005,1973,1981,1977,1981,1979,16,20,18,1,7,3,2,3,1,4,3,2,2,1,5,2,1,1,2,3,1,2,5,1,2,4,6,0,1,7,3,2,3,1,4,3,2,2,1,5,2,1,1,2,3,1,2,5,1,2,4,6,K205,2.333333333,4,4.333333333,2,3
F17,H,1,1,1948,10,13,2010,1969,2005,1965,1974,1969,1974,1971.5,21,26,23.5,3,2,2,6,4,3,6,6,5,6,5,4,5,6,6,5,3,5,5,4,5,5,6,6,0,3,2,2,6,4,3,6,6,5,6,5,4,5,6,6,5,3,5,5,4,5,5,6,6,F17,3.333333333,4.5,4.333333333,5.666666667,4.5
C141,H,1,1,1953,10,13,2010,1969,2005,1965,1974,1969,1974,1971.5,16,21,18.5,2,2,2,5,3,2,6,6,2,6,2,2,3,2,2,2,2,2,1,2,2,1,6,7,0,2,2,2,5,3,2,6,6,2,6,2,2,3,2,2,2,2,2,1,2,2,1,6,7,C141,2.333333333,5,4.666666667,4.333333333,3.5
W148,H,0,1,1941,10,13,2010,1969,2005,1966,1987,1969,1987,1978,28,46,37,3,3,1,6,5,1,5,6,2,6,5,2,6,5,1,5,2,1,2,6,5,2,6,4,0,3,3,1,6,5,1,5,6,2,6,5,2,6,5,1,5,2,1,2,6,5,2,6,4,W148,4,5,6.333333333,5.666666667,4
G334,P,0,1,1965,10,13,2010,1977,2005,1965,1980,1977,1980,1978.5,12,15,13.5,1,NA,2,3,1,4,2,3,4,4,1,3,2,6,1,2,4,7,2,4,1,2,3,6,1,1,3.355895197,2,3,1,4,2,3,4,4,1,3,2,6,1,2,4,7,2,4,1,2,3,6,G334,3,3.411026201,4.666666667,3,4
L22,F,0,1,1960,10,13,2010,1980,2009,1963,1987,1980,1987,1983.5,20,27,23.5,2,5,3,2,4,4,1,5,3,5,4,2,6,5,1,2,2,3,5,6,1,4,6,6,0,2,5,3,2,4,4,1,5,3,5,4,2,6,5,1,2,2,3,5,6,1,4,6,6,L22,5,4.25,4.333333333,3,4
O468,F,0,1,1957,10,13,2010,1980,2009,1971,1988,1980,1988,1984,23,31,27,1,2,6,4,4,2,4,4,3,3,NA,1,7,2,2,6,4,3,5,5,NA,3,5,4,2,1,2,6,4,4,2,4,4,3,3,3.713347921,1,7,2,2,6,4,3,5,5,3.817982456,3,5,4,O468,4,5.25,3.939327485,4.333333333,3.856673961
Q257,F,0,1,1958,10,13,2010,1980,2009,1968,1988,1980,1988,1984,22,30,26,5,4,4,5,6,6,2,5,1,5,4,2,5,4,4,5,4,4,6,4,6,5,5,4,0,5,4,4,5,6,6,2,5,1,5,4,2,5,4,4,5,4,4,6,4,6,5,5,4,Q257,5.333333333,4.25,4.666666667,5,3
Q257,P,0,1,1958,10,11,2010,1977,2005,1968,1988,1977,1988,1982.5,19,30,24.5,1,4,2,4,1,2,1,1,4,6,1,3,2,2,1,2,1,1,1,1,2,3,4,2,0,1,4,2,4,1,2,1,1,4,6,1,3,2,2,1,2,1,1,1,1,2,3,4,2,Q257,3.333333333,3,5,4,4
Q96,P,0,1,1969,10,13,2010,1977,2005,1969,1994,1977,1994,1985.5,8,25,16.5,1,7,2,2,1,3,2,3,1,2,1,2,1,3,6,1,2,3,4,1,2,3,1,2,0,1,7,2,2,1,3,2,3,1,2,1,2,1,3,6,1,2,3,4,1,2,3,1,2,Q96,2.666666667,2.5,3.333333333,1.666666667,4
S250,F,0,1,1958,10,13,2010,1980,2009,1971,2012,1980,2009,1994.5,22,51,36.5,6,1,2,2,6,6,NA,1,2,7,3,4,6,4,1,6,5,4,7,7,1,1,6,NA,2,6,1,2,2,6,6,4.234135667,1,2,7,3,4,6,4,1,6,5,4,7,7,1,1,6,4.48583878,S250,5.255288111,4.75,4.666666667,5,2.5
Y57,F,0,1,1961,10,13,2010,1980,2009,1971,2005,1980,2005,1992.5,19,44,31.5,4,7,6,2,5,7,3,6,1,4,2,1,7,6,2,7,5,6,4,6,1,4,6,5,0,4,7,6,2,5,7,3,6,1,4,2,1,7,6,2,7,5,6,4,6,1,4,6,5,Y57,5.333333333,3.75,3,4.333333333,2.5
T215,P,1,1,1973,10,13,2010,1977,2005,1973,1986,1977,1986,1981.5,4,13,8.5,1,2,3,3,2,1,2,3,4,1,3,2,1,6,1,2,4,5,2,1,2,3,6,1,0,1,2,3,3,2,1,2,3,4,1,3,2,1,6,1,2,4,5,2,1,2,3,6,1,T215,2.666666667,3,4.666666667,2,4.5
M171,F,1,1,1964,10,13,2010,1980,2009,1964,2004,1980,2004,1992,16,40,28,7,2,6,4,4,2,7,6,4,7,5,6,7,5,6,6,4,6,4,6,4,3,4,6,0,7,2,6,4,4,2,7,6,4,7,5,6,7,5,6,6,4,6,4,6,4,3,4,6,M171,5,5.25,2.666666667,5.666666667,4.5
G19,F,1,1,1967,10,13,2010,1980,2009,1967,1999,1980,1999,1989.5,13,32,22.5,7,4,2,4,6,2,6,7,4,7,4,3,4,4,4,2,6,7,6,7,6,6,4,4,0,7,4,2,4,6,2,6,7,4,7,4,3,4,4,4,2,6,7,6,7,6,6,4,4,G19,4.333333333,5.5,5.333333333,4.333333333,3
K398,F,0,1,1966,10,13,2010,1980,2009,1979,1992,1980,1992,1986,14,26,20,4,7,6,4,2,1,3,4,2,4,3,2,6,6,3,6,4,4,6,7,7,6,6,4,0,4,7,6,4,2,1,3,4,2,4,3,2,6,6,3,6,4,4,6,7,7,6,6,4,K398,5,3.5,4.666666667,4.666666667,4.5
N309,F,1,1,1965,10,13,2010,1980,2009,1965,1987,1980,1987,1983.5,15,22,18.5,4,7,7,4,6,4,4,6,3,6,7,4,6,5,4,4,6,4,7,7,7,7,6,4,0,4,7,7,4,6,4,4,6,3,6,7,4,6,5,4,4,6,4,7,7,7,7,6,4,N309,4.666666667,4.25,4,4.666666667,4.5
I355,F,0,1,1965,10,13,2010,1980,2009,1965,1983,1980,1983,1981.5,15,18,16.5,4,6,6,3,4,4,3,6,2,6,4,2,6,6,4,7,6,4,5,7,7,4,4,4,0,4,6,6,3,4,4,3,6,2,6,4,2,6,6,4,7,6,4,5,7,7,4,4,4,I355,5,4.25,4.333333333,5.333333333,4
K135,M,1,0,1976,8,20,2011,2003,2011,1993,2004,2003,2004,2003.5,27,28,27.5,7,1,7,1,1,6,4,4,1,2,6,4,7,4,3,7,2,1,5,6,7,6,1,5,0,7,1,7,1,1,6,4,4,1,2,6,4,7,4,3,7,2,1,5,6,7,6,1,5,K135,6,5.25,4.333333333,3.333333333,6.5
K58,W,0,0,1992,8,20,2011,2002,2011,1994,2012,2002,2011,2006.5,10,19,14.5,4,4,4,6,3,3,3,4,4,6,4,4,6,6,4,3,3,3,3,3,3,3,3,6,0,4,4,4,6,3,3,3,4,4,6,4,4,6,6,4,3,3,3,3,3,3,3,3,6,K58,5,3.25,3.666666667,5,4.5
E182,N,0,0,1986,8,24,2011,1988,2011,2001,2011,2001,2011,2006,15,25,20,4,5,3,5,4,3,4,5,2,5,5,3,5,4,3,5,3,4,2,6,4,3,5,4,0,4,5,3,5,4,3,4,5,2,5,5,3,5,4,3,5,3,4,2,6,4,3,5,4,E182,4.333333333,4.5,4.666666667,5,4.5
Q454,N,1,0,2000,8,21,2011,1988,2011,2001,2012,2001,2011,2006,1,11,6,2,3,4,5,5,4,4,5,3,5,2,3,4,3,2,5,4,3,2,5,4,4,6,3,0,2,3,4,5,5,4,4,5,3,5,2,3,4,3,2,5,4,3,2,5,4,4,6,3,Q454,3.333333333,5,4.666666667,5,2.5
O198,N,1,0,2001,8,24,2011,1988,2011,2001,2012,2001,2011,2006,0,10,5,6,2,5,3,4,3,4,6,4,5,5,3,4,3,5,3,4,5,7,6,5,4,3,4,0,6,2,5,3,4,3,4,6,4,5,5,3,4,3,5,3,4,5,7,6,5,4,3,4,O198,4.666666667,5.75,3.666666667,3.666666667,4.5
J499,A,0,0,1991,8,24,2011,1997,2011,2004,2012,2004,2011,2007.5,13,20,16.5,5,3,4,2,2,3,4,5,4,5,5,3,2,4,4,3,5,5,5,5,5,2,4,5,0,5,3,4,2,2,3,4,5,4,5,5,3,2,4,4,3,5,5,5,5,5,2,4,5,J499,3.666666667,4.75,4.333333333,3.333333333,5.5
W394,A,1,0,2001,8,24,2011,1997,2011,2002,2012,2002,2011,2006.5,1,10,5.5,4,4,3,6,3,4,4,4,1,6,4,4,5,5,1,5,3,2,4,5,5,1,4,4,0,4,4,3,6,3,4,4,4,1,6,4,4,5,5,1,5,3,2,4,5,5,1,4,4,W394,4.333333333,4,5.666666667,5.666666667,4.5
N101,A,1,0,2001,8,24,2011,1997,2011,2001,2012,2001,2011,2006,0,10,5,5,1,7,1,2,4,1,5,4,4,7,7,4,5,5,7,2,6,5,4,3,2,5,6,0,5,1,7,1,2,4,1,5,4,4,7,7,4,5,5,7,2,6,5,4,3,2,5,6,N101,5.333333333,4.75,2.333333333,4,6.5
E182,A,0,0,1986,8,24,2011,1997,2011,2001,2011,2001,2011,2006,15,25,20,3,5,2,4,4,1,7,2,2,3,1,1,5,1,1,6,4,1,4,2,5,5,1,4,0,3,5,2,4,4,1,7,2,2,3,1,1,5,1,1,6,4,1,4,2,5,5,1,4,E182,3,3.5,6,4.333333333,2.5
O198,A,1,0,2001,8,24,2011,1997,2011,2001,2012,2001,2011,2006,0,10,5,4,1,4,5,3,5,2,5,3,5,5,6,6,6,4,6,2,5,4,5,5,1,5,6,0,4,1,4,5,3,5,2,5,3,5,5,6,6,6,4,6,2,5,4,5,5,1,5,6,O198,5.333333333,4.75,4.333333333,5.333333333,5
T137,A,0,0,2005,8,24,2011,1997,2011,2005,2012,2005,2011,2008,0,6,3,2,1,3,4,2,2,7,6,1,3,4,6,5,4,1,5,5,5,2,5,5,3,5,5,0,2,1,3,4,2,2,7,6,1,3,4,6,5,4,1,5,5,5,2,5,5,3,5,5,T137,2.666666667,5.5,5.666666667,4,5
Y207,A,0,0,2004,8,24,2011,1997,2011,2004,2012,2004,2011,2007.5,0,7,3.5,1,4,1,6,4,3,5,4,2,5,2,2,6,4,1,7,3,2,6,5,5,2,1,3,0,1,4,1,6,4,3,5,4,2,5,2,2,6,4,1,7,3,2,6,5,5,2,1,3,Y207,3.333333333,4.25,6.333333333,6,3
K227,W,0,0,1980,8,20,2011,2002,2011,1993,2012,2002,2011,2006.5,22,31,26.5,6,3,3,6,6,5,3,6,3,6,6,3,6,4,5,4,4,4,5,4,4,3,5,6,0,6,3,3,6,6,5,3,6,3,6,6,3,6,4,5,4,4,4,5,4,4,3,5,6,K227,5.666666667,4.75,4,5.333333333,4
K135,E,1,0,1976,9,6,2011,2002,2011,1993,2004,2002,2004,2003,26,28,27,5,3,5,6,2,5,5,3,2,5,6,7,5,5,3,2,7,2,1,6,7,5,6,7,0,5,3,5,6,2,5,5,3,2,5,6,7,5,5,3,2,7,2,1,6,7,5,6,7,K135,4.333333333,4.25,5,4.333333333,6
N108,E,0,0,1988,9,6,2011,2002,2011,1993,2005,2002,2005,2003.5,14,17,15.5,7,1,7,7,7,6,6,6,3,6,7,6,6,5,6,6,6,6,6,6,4,6,6,2,0,7,1,7,7,7,6,6,6,3,6,7,6,6,5,6,6,6,6,6,6,4,6,6,2,N108,5,5.5,2.333333333,6.333333333,4
K199,E,0,0,1997,9,6,2011,2002,2011,2001,2009,2002,2009,2005.5,5,12,8.5,3,6,2,6,6,6,6,6,2,6,5,6,6,5,5,6,4,5,1,6,4,2,6,6,0,3,6,2,6,6,6,6,6,2,6,5,6,6,5,5,6,4,5,1,6,4,2,6,6,K199,3.666666667,4.25,4.333333333,6,3.5
A341,E,1,0,1986,9,6,2011,2002,2011,1986,2012,2002,2011,2006.5,16,25,20.5,6,6,6,6,6,6,6,NA,4,6,7,6,6,6,3,6,3,6,5,6,2,2,6,6,1,6,6,6,6,6,6,6,4.989106754,4,6,7,6,6,6,3,6,3,6,5,6,2,2,6,6,A341,4.666666667,3.747276688,3,6,4.5
J499,E,0,0,1991,9,6,2011,2002,2011,2004,2012,2004,2011,2007.5,13,20,16.5,3,4,4,6,6,4,7,7,4,7,7,4,7,5,4,7,4,4,2,7,4,4,6,6,0,3,4,4,6,6,4,7,7,4,7,7,4,7,5,4,7,4,4,2,7,4,4,6,6,J499,3.666666667,5.25,4,6.666666667,4.5
E182,E,0,0,1986,9,6,2011,2002,2011,2001,2011,2002,2011,2006.5,16,25,20.5,5,2,6,6,2,7,2,4,5,5,4,6,5,2,4,6,4,6,7,6,2,2,5,4,0,5,2,6,6,2,7,2,4,5,5,4,6,5,2,4,6,4,6,7,6,2,2,5,4,E182,5.333333333,5.5,2.666666667,5.666666667,5
K227,E,0,0,1980,9,6,2011,2002,2011,1993,2012,2002,2011,2006.5,22,31,26.5,1,2,2,6,2,6,6,6,1,6,6,6,6,2,2,6,3,2,1,6,2,6,6,6,0,1,2,2,6,2,6,6,6,1,6,6,6,6,2,2,6,3,2,1,6,2,6,6,6,K227,3,6,4.666666667,6,6
Q454,E,1,0,2000,9,6,2011,2002,2011,2001,2012,2002,2011,2006.5,2,11,6.5,6,6,7,6,6,6,6,6,7,6,6,6,6,6,6,6,7,NA,4,6,4,4,2,5,1,6,6,7,6,6,6,6,6,7,6,6,6,6,6,6,6,7,3.840611354,4,6,4,4,2,5,Q454,4.666666667,4,2.333333333,6,4
W394,E,1,0,2001,9,6,2011,2002,2011,2002,2012,2002,2011,2006.5,1,10,5.5,5,1,1,5,7,7,7,7,4,7,7,7,6,4,2,7,7,4,4,7,2,7,3,3,0,5,1,1,5,7,7,7,7,4,7,7,7,6,4,2,7,7,4,4,7,2,7,3,3,W394,4,6.25,5,6.333333333,4
X213,E,0,0,1984,9,6,2011,2002,2011,1994,2012,2002,2011,2006.5,18,27,22.5,1,3,3,6,2,6,6,6,2,6,2,6,6,2,6,6,7,4,6,6,6,7,6,6,0,1,3,3,6,2,6,6,6,2,6,2,6,6,2,6,6,7,4,6,6,6,7,6,6,X213,3,5.75,4.333333333,6,4
N108,M,0,0,1988,8,20,2011,2003,2011,1993,2005,2003,2005,2004,15,17,16,1,6,1,5,1,1,7,1,1,3,3,1,1,6,1,1,1,1,6,2,5,1,1,1,0,1,6,1,5,1,1,7,1,1,3,3,1,1,6,1,1,1,1,6,2,5,1,1,1,N108,1,1.75,6.333333333,3,5
O198,E,1,0,2001,9,6,2011,2002,2011,2001,2012,2002,2011,2006.5,1,10,5.5,6,6,7,6,6,6,6,6,6,6,6,6,6,6,6,6,7,7,4,6,4,4,2,5,0,6,6,7,6,6,6,6,6,6,6,6,6,6,6,6,6,7,7,4,6,4,4,2,5,O198,4.666666667,4,2.333333333,6,4
E421,E,1,0,1997,9,6,2011,2002,2011,1997,2012,2002,2011,2006.5,5,14,9.5,6,6,7,6,6,6,6,6,7,6,6,6,6,6,6,6,7,7,4,6,4,4,2,5,0,6,6,7,6,6,6,6,6,7,6,6,6,6,6,6,6,7,7,4,6,4,4,2,5,E421,4.666666667,4,2.333333333,6,4
T137,E,0,0,2005,9,6,2011,2002,2011,2005,2012,2005,2011,2008,0,6,3,3,7,7,4,7,3,7,7,4,7,4,7,4,2,7,7,7,7,1,4,2,3,7,5,0,3,7,7,4,7,3,7,7,4,7,4,7,4,2,7,7,7,7,1,4,2,3,7,5,T137,2.666666667,4.5,1.333333333,6,2.5
Y235,E,0,0,1985,9,6,2011,2002,2011,1996,2012,2002,2011,2006.5,17,26,21.5,1,4,6,6,6,2,6,6,4,6,7,5,6,2,2,6,6,6,7,5,5,7,6,6,0,1,4,6,6,6,2,6,6,4,6,7,5,6,2,2,6,6,6,7,5,5,7,6,6,Y235,3,5.25,4.333333333,6,4.5
N101,E,1,0,2001,9,6,2011,2002,2011,2001,2012,2002,2011,2006.5,1,10,5.5,5,1,1,5,7,7,7,7,4,7,7,7,6,4,2,7,7,4,4,7,2,7,3,3,0,5,1,1,5,7,7,7,7,4,7,7,7,6,4,2,7,7,4,4,7,2,7,3,3,N101,4,6.25,5,6.333333333,4
N251,E,0,0,1965,9,6,2011,2002,2011,1995,2010,2002,2010,2006,37,45,41,1,3,3,6,2,6,6,6,2,6,2,NA,6,2,6,6,7,4,6,6,6,7,6,6,1,1,3,3,6,2,6,6,6,2,6,2,3.810457516,6,2,6,6,7,4,6,6,6,7,6,6,N251,3,5.75,4.333333333,6,4
M37,E,1,0,1989,9,6,2011,2002,2011,1995,2012,2002,2011,2006.5,13,22,17.5,5,4,6,6,6,6,6,6,4,6,6,6,6,6,6,6,6,6,6,6,4,6,6,6,0,5,4,6,6,6,6,6,6,4,6,6,6,6,6,6,6,6,6,6,6,4,6,6,6,M37,4.333333333,4.5,2.666666667,6,4
Y207,E,0,0,2004,9,6,2011,2002,2011,2004,2012,2004,2011,2007.5,0,7,3.5,3,7,7,4,7,3,7,7,4,7,4,7,4,2,4,7,7,7,1,2,2,3,7,6,0,3,7,7,4,7,3,7,7,4,7,4,7,4,2,4,7,7,7,1,2,2,3,7,6,Y207,2.666666667,4,2.333333333,6,2.5
E274,E,1,0,1996,9,6,2011,2002,2011,1996,2005,2002,2005,2003.5,6,9,7.5,7,2,4,6,5,7,6,3,7,6,2,7,6,4,5,6,6,2,6,5,2,3,2,7,0,7,2,4,6,5,7,6,3,7,6,2,7,6,4,5,6,6,2,6,5,2,3,2,7,E274,5,4.5,3,6,2.5
Q450,E,0,0,1984,9,6,2011,2002,2011,1998,2012,2002,2011,2006.5,18,27,22.5,2,5,5,6,5,7,6,6,5,6,2,7,6,4,2,6,5,6,4,6,6,4,6,3,0,2,5,5,6,5,7,6,6,5,6,2,7,6,4,2,6,5,6,4,6,6,4,6,3,Q450,3.333333333,4.75,5,6,2.5
K199,M,0,0,1997,8,20,2011,2003,2011,2001,2009,2003,2009,2006,6,12,9,1,4,1,4,4,2,2,7,1,7,7,6,4,1,1,7,1,7,4,7,1,1,2,7,0,1,4,1,4,4,2,2,7,1,7,7,6,4,1,1,7,1,7,4,7,1,1,2,7,K199,3.666666667,6.25,5,6,5.5
K58,E,0,0,1992,9,6,2011,2002,2011,1994,2012,2002,2011,2006.5,10,19,14.5,1,3,3,6,2,6,6,6,2,6,2,6,6,1,7,6,7,4,6,6,6,7,6,6,0,1,3,3,6,2,6,6,6,2,6,2,6,6,1,7,6,7,4,6,6,6,7,6,6,K58,3,6,4,6,4
G74,E,1,0,1998,9,6,2011,2002,2011,1998,2012,2002,2011,2006.5,4,13,8.5,6,6,7,6,6,6,6,6,7,6,6,6,6,6,6,6,7,7,4,6,4,4,2,5,0,6,6,7,6,6,6,6,6,7,6,6,6,6,6,6,6,7,7,4,6,4,4,2,5,G74,4.666666667,4,2.333333333,6,4
E131,E,0,0,1973,9,6,2011,2002,2011,1988,2012,2002,2011,2006.5,29,38,33.5,1,2,2,6,2,6,6,6,1,6,6,6,6,2,2,6,3,2,1,6,2,6,6,6,0,1,2,2,6,2,6,6,6,1,6,6,6,6,2,2,6,3,2,1,6,2,6,6,6,E131,3,6,4.666666667,6,6
J499,Q,0,0,1991,8,31,2011,1985,2007,2004,2012,2004,2007,2005.5,13,16,14.5,5,1,4,4,4,4,5,6,1,5,4,3,4,4,1,3,1,4,1,4,1,2,5,2,0,5,1,4,4,4,4,5,6,1,5,4,3,4,4,1,3,1,4,1,4,1,2,5,2,J499,4,5.25,4,4,4
E182,Q,0,0,1986,8,31,2011,1985,2007,2001,2011,2001,2007,2004,15,21,18,1,4,1,3,4,4,3,4,1,4,2,4,5,3,1,4,3,4,5,4,1,4,3,2,0,1,4,1,3,4,4,3,4,1,4,2,4,5,3,1,4,3,4,5,4,1,4,3,2,E182,3.666666667,4.25,5,3.666666667,3
Q454,Q,1,0,2000,8,22,2011,1985,2007,2001,2012,2001,2007,2004,1,7,4,3,4,1,4,5,4,4,6,1,4,4,5,4,4,1,4,4,4,5,5,4,2,4,3,0,3,4,1,4,5,4,4,6,1,4,4,5,4,4,1,4,4,4,5,5,4,2,4,3,Q454,3.666666667,4.75,6,4,3.5
W394,Q,1,0,2001,8,31,2011,1985,2007,2002,2012,2002,2007,2004.5,1,6,3.5,2,1,1,4,4,3,4,5,1,4,3,4,4,4,2,4,4,3,2,4,5,4,5,4,0,2,1,1,4,4,3,4,5,1,4,3,4,4,4,2,4,4,3,2,4,5,4,5,4,W394,3.333333333,5,6,4,3.5
O198,Q,1,0,2001,8,31,2011,1985,2007,2001,2012,2001,2007,2004,0,6,3,4,1,2,4,4,5,3,5,1,6,4,4,5,6,1,4,4,5,1,5,4,1,4,5,0,4,1,2,4,4,5,3,5,1,6,4,4,5,6,1,4,4,5,1,5,4,1,4,5,O198,4.666666667,4.75,5.666666667,4.666666667,4
T137,Q,0,0,2005,8,31,2011,1985,2007,2005,2012,2005,2007,2006,0,2,1,3,1,1,4,5,4,1,4,1,3,4,5,4,4,1,4,4,5,3,4,2,1,5,4,0,3,1,1,4,5,4,1,4,1,3,4,5,4,4,1,4,4,5,3,4,2,1,5,4,T137,4.666666667,4.75,5.333333333,3.666666667,3.5
N101,Q,1,0,2001,8,31,2011,1985,2007,2001,2012,2001,2007,2004,0,6,3,2,1,4,2,4,4,2,5,1,4,4,5,4,4,1,4,1,4,1,4,1,1,4,4,0,2,1,4,2,4,4,2,5,1,4,4,5,4,4,1,4,1,4,1,4,1,1,4,4,N101,4,5,4,3.333333333,4
A341,M,1,0,1986,8,20,2011,2003,2011,1986,2012,2003,2011,2007,17,25,21,7,1,6,7,4,7,4,7,4,7,7,5,7,1,1,7,4,7,5,5,4,1,7,6,0,7,1,6,7,4,7,4,7,4,7,7,5,7,1,1,7,4,7,5,5,4,1,7,6,A341,6,6.5,4.333333333,7,5.5
Y207,Q,0,0,2004,8,31,2011,1985,2007,2004,2012,2004,2007,2005.5,0,3,1.5,1,4,2,4,4,1,4,4,1,5,1,4,4,4,1,3,1,4,3,4,1,2,5,4,0,1,4,2,4,4,1,4,4,1,5,1,4,4,4,1,3,1,4,3,4,1,2,5,4,Y207,3,4,4.666666667,4,2.5
Q450,Q,0,0,1984,8,22,2011,1985,2007,1998,2012,1998,2007,2002.5,14,23,18.5,1,6,1,4,5,2,5,5,4,4,1,5,5,4,1,4,1,3,6,5,2,5,5,4,0,1,6,1,4,5,2,5,5,4,4,1,5,5,4,1,4,1,3,6,5,2,5,5,4,Q450,3,4,5.333333333,4,2
E131,M,0,0,1973,8,20,2011,2003,2011,1988,2012,2003,2011,2007,30,38,34,4,4,4,7,4,4,5,4,1,7,4,1,4,7,1,4,1,4,1,7,4,4,7,4,0,4,4,4,7,4,4,5,4,1,7,4,1,4,7,1,4,1,4,1,7,4,4,7,4,E131,3.666666667,4,5,6,4
K58,M,0,0,1992,8,20,2011,2003,2011,1994,2012,2003,2011,2007,11,19,15,1,1,4,7,4,7,4,7,1,7,4,7,4,4,1,7,1,7,4,4,1,1,4,7,0,1,1,4,7,4,7,4,7,1,7,4,7,4,4,1,7,1,7,4,4,1,1,4,7,K58,3,5.5,4,7,4
K227,M,0,0,1980,8,20,2011,2003,2011,1993,2012,2003,2011,2007,23,31,27,1,4,4,7,4,1,4,4,1,7,4,4,5,1,1,7,1,4,1,1,1,1,7,4,0,1,4,4,7,4,1,4,4,1,7,4,4,5,1,1,7,1,4,1,1,1,1,7,4,K227,3.333333333,4,4,7,4
G74,W,1,0,1998,8,20,2011,2002,2011,1998,2012,2002,2011,2006.5,4,13,8.5,5,4,4,7,4,5,6,6,5,6,5,4,4,5,5,4,5,4,3,5,4,4,6,6,0,5,4,4,7,4,5,6,6,5,6,5,4,4,5,5,4,5,4,3,5,4,4,6,6,G74,3.666666667,4.5,3.666666667,5.666666667,4.5
E421,W,1,0,1997,8,20,2011,2002,2011,1997,2012,2002,2011,2006.5,5,14,9.5,6,2,4,5,4,4,4,5,4,6,5,5,4,5,5,4,4,5,6,7,5,5,4,6,0,6,2,4,5,4,4,4,5,4,6,5,5,4,5,5,4,4,5,6,7,5,5,4,6,E421,4.666666667,5.25,4,5,4.5
E131,W,0,0,1973,8,20,2011,2002,2011,1988,2012,2002,2011,2006.5,29,38,33.5,4,3,3,6,3,3,3,3,3,3,3,3,3,3,3,3,3,3,4,4,4,4,4,4,0,4,3,3,6,3,3,3,3,3,3,3,3,3,3,3,3,3,3,4,4,4,4,4,4,E131,4,4.25,4.666666667,4,4
Y235,W,0,0,1985,8,20,2011,2002,2011,1996,2012,2002,2011,2006.5,17,26,21.5,4,3,2,1,2,3,3,4,3,5,4,4,6,3,4,5,3,3,6,5,4,4,4,6,0,4,3,2,1,2,3,3,4,3,5,4,4,6,3,4,5,3,3,6,5,4,4,4,6,Y235,5,4.75,4.666666667,3.666666667,5
M37,W,1,0,1989,8,20,2011,2002,2011,1995,2012,2002,2011,2006.5,13,22,17.5,6,2,4,6,6,5,5,6,3,6,5,3,6,2,6,5,3,4,4,3,3,3,4,6,0,6,2,4,6,6,5,5,6,3,6,5,3,6,2,6,5,3,4,4,3,3,3,4,6,M37,5,5.25,3,5.666666667,3.5
Q454,W,1,0,2000,8,20,2011,2002,2011,2001,2012,2002,2011,2006.5,2,11,6.5,4,3,4,6,4,4,4,5,3,3,4,4,4,3,5,4,4,5,5,5,5,5,4,6,0,4,3,4,6,4,4,4,5,3,3,4,4,4,3,5,4,4,5,5,5,5,5,4,6,Q454,4,5,4,4.333333333,4
O198,W,1,0,2001,8,20,2011,2002,2011,2001,2012,2002,2011,2006.5,1,10,5.5,3,5,5,3,4,3,4,4,5,5,5,3,5,4,3,3,4,3,2,3,4,3,4,5,0,3,5,5,3,4,3,4,4,5,5,5,3,5,4,3,3,4,3,2,3,4,3,4,5,O198,4,3.5,4,3.666666667,4.5
E182,W,0,0,1986,8,20,2011,2002,2011,2001,2011,2002,2011,2006.5,16,25,20.5,6,6,3,5,3,3,3,3,3,4,4,3,3,3,4,3,4,4,4,3,3,3,3,6,0,6,6,3,5,3,3,3,3,3,4,4,3,3,3,4,3,4,4,4,3,3,3,3,6,E182,4.666666667,3.25,4,4,4.5
X213,M,0,0,1984,8,20,2011,2003,2011,1994,2012,2003,2011,2007,19,27,23,4,1,7,7,1,4,1,6,1,7,4,4,5,1,1,7,4,7,4,1,1,1,7,5,0,4,1,7,7,1,4,1,6,1,7,4,4,5,1,1,7,4,7,4,1,1,1,7,5,X213,5.333333333,5.25,3,7,5.5
N251,M,0,0,1965,8,20,2011,2003,2011,1995,2010,2003,2010,2006.5,38,45,41.5,4,7,4,7,4,4,2,2,1,7,4,1,4,1,1,4,1,7,1,4,1,1,7,4,0,4,7,4,7,4,4,2,2,1,7,4,1,4,1,1,4,1,7,1,4,1,1,7,4,N251,4.666666667,3.5,4,6,4
Q450,W,0,0,1984,8,20,2011,2002,2011,1998,2012,2002,2011,2006.5,18,27,22.5,2,6,2,6,4,3,4,5,3,6,4,4,5,2,3,3,4,5,5,4,4,4,6,6,0,2,6,2,6,4,3,4,5,3,6,4,4,5,2,3,3,4,5,5,4,4,4,6,6,Q450,3.666666667,4.25,5,5,4
M37,M,1,0,1989,8,20,2011,2003,2011,1995,2012,2003,2011,2007,14,22,18,6,1,7,4,2,7,1,7,1,7,7,6,7,5,1,7,4,7,4,1,1,4,7,7,0,6,1,7,4,2,7,1,7,1,7,7,6,7,5,1,7,4,7,4,1,1,4,7,7,M37,6.666666667,4.5,3,6,6.5
G74,M,1,0,1998,8,20,2011,2003,2011,1998,2012,2003,2011,2007,5,13,9,4,1,4,4,4,4,7,7,1,4,7,4,4,1,1,4,1,1,4,4,1,2,4,7,0,4,1,4,4,4,4,7,7,1,4,7,4,4,1,1,4,1,1,4,4,1,2,4,7,G74,3,6.25,4,4,5.5
K199,W,0,0,1997,8,20,2011,2002,2011,2001,2009,2002,2009,2005.5,5,12,8.5,3,3,3,3,3,4,3,5,2,5,5,4,4,3,3,5,3,3,5,5,3,4,4,5,0,3,3,3,3,3,4,3,5,2,5,5,4,4,3,3,5,3,3,5,5,3,4,4,5,K199,4,5,4.333333333,4.333333333,5
E421,M,1,0,1997,8,20,2011,2003,2011,1997,2012,2003,2011,2007,6,14,10,4,4,7,4,4,7,1,4,1,4,7,4,7,6,1,7,1,4,3,1,5,1,3,7,0,4,4,7,4,4,7,1,4,1,4,7,4,7,6,1,7,1,4,3,1,5,1,3,7,E421,6,2.75,4.333333333,5,5.5
Y235,M,0,0,1985,8,20,2011,2003,2011,1996,2012,2003,2011,2007,18,26,22,5,4,7,1,1,7,1,5,1,1,4,3,7,5,1,7,6,7,5,1,4,1,7,5,0,5,4,7,1,1,7,1,5,1,1,4,3,7,5,1,7,6,7,5,1,4,1,7,5,Y235,6.333333333,3.25,4,3,5.5
N101,W,1,0,2001,8,20,2011,2002,2011,2001,2012,2002,2011,2006.5,1,10,5.5,3,3,3,5,3,4,3,6,2,6,6,4,5,5,4,3,3,4,4,6,4,5,5,6,0,3,3,3,5,3,4,3,6,2,6,6,4,5,5,4,3,3,4,4,6,4,5,5,6,N101,4.333333333,5,4.333333333,4.666666667,5.5
W394,W,1,0,2001,8,20,2011,2002,2011,2002,2012,2002,2011,2006.5,1,10,5.5,4,4,3,6,4,4,4,4,3,4,3,3,4,3,3,4,3,3,5,3,4,4,5,6,0,4,4,3,6,4,4,4,4,3,4,3,3,4,3,3,4,3,3,5,3,4,4,5,6,W394,4,4,4.666666667,4.666666667,3.5
J499,W,0,0,1991,8,20,2011,2002,2011,2004,2012,2004,2011,2007.5,13,20,16.5,3,2,3,6,3,3,4,6,4,6,5,4,4,3,3,3,3,3,3,3,3,3,4,6,0,3,2,3,6,3,3,4,6,4,6,5,4,4,3,3,3,3,3,3,3,3,3,4,6,J499,3.666666667,5,4.333333333,5,5
Y207,W,0,0,2004,8,20,2011,2002,2011,2004,2012,2004,2011,2007.5,0,7,3.5,2,3,2,6,4,3,6,5,4,6,3,3,4,3,3,3,4,3,5,3,3,3,3,6,0,2,3,2,6,4,3,6,5,4,6,3,3,4,3,3,3,4,3,5,3,3,3,3,6,Y207,2.666666667,4.5,4.666666667,5,3.5
T137,W,0,0,2005,8,20,2011,2002,2011,2005,2012,2005,2011,2008,0,6,3,1,3,2,6,3,3,3,5,2,3,3,3,3,3,3,3,3,2,3,3,3,3,3,3,0,1,3,2,6,3,3,3,5,2,3,3,3,3,3,3,3,3,2,3,3,3,3,3,3,T137,3,4.5,4.666666667,4,4
K135,A,1,0,1976,8,21,2011,1997,2011,1993,2004,1997,2004,2000.5,21,28,24.5,7,1,5,5,1,5,1,1,1,5,6,2,7,3,1,7,1,7,3,7,3,2,7,4,0,7,1,5,5,1,5,1,1,1,5,6,2,7,3,1,7,1,7,3,7,3,2,7,4,K135,7,5,4.333333333,5.666666667,6.5
N108,N,0,0,1988,8,21,2011,1988,2011,1993,2005,1993,2005,1999,5,17,11,1,5,2,7,6,7,5,6,3,5,2,4,3,4,1,3,6,4,1,2,5,3,6,2,0,1,5,2,7,6,7,5,6,3,5,2,4,3,4,1,3,6,4,1,2,5,3,6,2,N108,2.333333333,3.75,6,5,2
E274,N,1,0,1996,8,21,2011,1988,2011,1996,2005,1996,2005,2000.5,0,9,4.5,3,2,4,5,4,3,4,7,3,5,4,2,4,3,2,5,4,2,3,5,4,3,6,6,0,3,2,4,5,4,3,4,7,3,5,4,2,4,3,2,5,4,2,3,5,4,3,6,6,E274,3.666666667,5.75,4.666666667,5,4
N108,W,0,0,1988,8,20,2011,2002,2011,1993,2005,2002,2005,2003.5,14,17,15.5,3,4,3,6,3,4,5,4,3,4,3,3,4,4,3,2,3,2,2,2,2,2,6,2,0,3,4,3,6,3,4,5,4,3,4,3,3,4,4,3,2,3,2,2,2,2,2,6,2,N108,3.333333333,3.5,4,4,4
K135,N,1,0,1976,8,21,2011,1988,2011,1993,2004,1993,2004,1998.5,17,28,22.5,7,1,6,4,3,4,2,6,4,6,5,7,5,3,4,6,2,7,6,6,5,4,4,2,0,7,1,6,4,3,4,2,6,4,6,5,7,5,3,4,6,2,7,6,6,5,4,4,2,K135,6,6,3.666666667,5.333333333,5
A364,N,0,0,1992,8,21,2011,1988,2011,1992,2003,1992,2003,1997.5,0,11,5.5,2,1,4,2,3,4,1,5,3,2,5,2,3,6,2,5,3,2,3,4,5,4,4,3,0,2,1,4,2,3,4,1,5,3,2,5,2,3,6,2,5,3,2,3,4,5,4,4,3,A364,4,4.5,5,3,5
A341,Q,1,0,1986,8,21,2011,1985,2007,1986,2012,1986,2007,1996.5,0,21,10.5,7,7,1,6,4,6,4,4,1,6,5,6,7,6,2,6,1,5,5,7,1,5,6,5,0,7,7,1,6,4,6,4,4,1,6,5,6,7,6,2,6,1,5,5,7,1,5,6,5,A341,6,3.5,4.666666667,6,4.5
K199,Q,0,0,1997,8,21,2011,1985,2007,2001,2009,2001,2007,2004,4,10,7,1,5,1,4,6,1,4,4,1,4,1,2,5,4,1,2,1,3,5,4,1,1,5,4,0,1,5,1,4,6,1,4,4,1,4,1,2,5,4,1,2,1,3,5,4,1,1,5,4,K199,3.333333333,3.75,5,3.333333333,1.5
N108,Q,0,0,1988,8,21,2011,1985,2007,1993,2005,1993,2005,1999,5,17,11,1,6,4,1,2,3,1,4,6,4,2,1,5,5,6,4,6,1,7,1,2,4,5,1,0,1,6,4,1,2,3,1,4,6,4,2,1,5,5,6,4,6,1,7,1,2,4,5,1,N108,4.333333333,2.5,2.666666667,3,4
E274,Q,1,0,1996,8,21,2011,1985,2007,1996,2005,1996,2005,2000.5,0,9,4.5,4,1,2,4,5,2,1,5,1,4,2,4,5,3,1,4,1,4,1,4,3,1,5,4,0,4,1,2,4,5,2,1,5,1,4,2,4,5,3,1,4,1,4,1,4,3,1,5,4,E274,5.333333333,5.25,5.333333333,4,2.5
K135,Q,1,0,1976,8,21,2011,1985,2007,1993,2004,1993,2004,1998.5,17,28,22.5,7,1,3,7,5,4,1,5,1,6,7,4,6,5,1,6,1,5,1,5,1,2,4,6,0,7,1,3,7,5,4,1,5,1,6,7,4,6,5,1,6,1,5,1,5,1,2,4,6,K135,6.666666667,5,4.333333333,6.333333333,5
A364,Q,0,0,1992,8,21,2011,1985,2007,1992,2003,1992,2003,1997.5,0,11,5.5,1,2,1,4,5,2,3,5,1,5,2,4,5,1,1,4,1,3,5,4,2,1,6,5,0,1,2,1,4,5,2,3,5,1,5,2,4,5,1,1,4,1,3,5,4,2,1,6,5,A364,3.666666667,5.5,5.333333333,4.333333333,2.5
K199,N,0,0,1997,8,21,2011,1988,2011,2001,2009,2001,2009,2005,4,12,8,1,3,2,5,4,3,5,4,2,6,3,5,4,3,2,5,3,6,2,4,3,4,6,5,0,1,3,2,5,4,3,5,4,2,6,3,5,4,3,2,5,3,6,2,4,3,4,6,5,K199,2.666666667,4.5,5,5.333333333,3.5
G74,Q,1,0,1998,8,21,2011,1985,2007,1998,2012,1998,2007,2002.5,0,9,4.5,2,1,3,4,4,2,4,4,1,5,2,4,4,3,1,4,4,3,3,4,1,4,5,4,0,2,1,3,4,4,2,4,4,1,5,2,4,4,3,1,4,4,3,3,4,1,4,5,4,G74,3.333333333,5,4.333333333,4.333333333,3
E274,W,1,0,1996,8,20,2011,2002,2011,1996,2005,2002,2005,2003.5,6,9,7.5,3,4,3,3,3,3,6,5,2,3,3,3,3,2,6,3,3,3,3,4,3,3,4,6,0,3,4,3,3,3,3,6,5,2,3,3,3,3,2,6,3,3,3,3,4,3,3,4,6,E274,2.666666667,4.75,3.333333333,3,4
E421,Q,1,0,1997,8,21,2011,1985,2007,1997,2012,1997,2007,2002,0,10,5,6,1,5,4,4,4,5,4,1,4,5,5,4,3,4,5,4,5,2,5,4,2,4,5,0,6,1,5,4,4,4,5,4,1,4,5,5,4,3,4,5,4,5,2,5,4,2,4,5,E421,4.333333333,5.25,3.666666667,4.333333333,4.5
Y235,Q,0,0,1985,8,21,2011,1985,2007,1996,2012,1996,2007,2001.5,11,22,16.5,7,4,5,2,2,4,2,3,1,3,5,6,5,4,2,4,4,4,2,4,3,2,4,4,0,7,4,5,2,2,4,2,3,1,3,5,6,5,4,2,4,4,4,2,4,3,2,4,4,Y235,6,3.75,4,3,5.5
M37,Q,1,0,1989,8,21,2011,1985,2007,1995,2012,1995,2007,2001,6,18,12,6,4,1,4,6,4,2,5,1,5,5,4,4,1,2,5,6,3,2,1,2,2,6,4,0,6,4,1,4,6,4,2,5,1,5,5,4,4,1,2,5,6,3,2,1,2,2,6,4,M37,5.333333333,4.25,5,4.666666667,3.5
N251,Q,0,0,1965,8,21,2011,1985,2007,1995,2010,1995,2007,2001,30,42,36,1,1,1,4,5,3,4,4,1,5,1,3,4,1,1,4,1,2,4,3,2,4,5,1,0,1,1,1,4,5,3,4,4,1,5,1,3,4,1,1,4,1,2,4,3,2,4,5,1,N251,3,5.25,5.333333333,4.333333333,2
X213,Q,0,0,1984,8,21,2011,1985,2007,1994,2012,1994,2007,2000.5,10,23,16.5,4,2,1,5,4,4,2,5,1,5,3,5,6,3,1,4,1,4,2,4,2,2,6,4,0,4,2,1,5,4,4,2,5,1,5,3,5,6,3,1,4,1,4,2,4,2,2,6,4,X213,5.333333333,5,5.333333333,4.666666667,3.5
K58,Q,0,0,1992,8,21,2011,1985,2007,1994,2012,1994,2007,2000.5,2,15,8.5,5,1,2,4,3,4,5,5,1,NA,5,6,5,4,1,4,2,4,5,4,2,1,5,4,1,5,1,2,4,3,4,5,5,1,4.984716157,5,6,5,4,1,4,2,4,5,4,2,1,5,4,K58,4.333333333,5,5,4.328238719,5
K227,Q,0,0,1980,8,21,2011,1985,2007,1993,2012,1993,2007,2000,13,27,20,4,2,1,5,4,1,NA,5,2,5,2,2,5,4,1,4,4,3,4,4,3,1,3,4,1,4,2,1,5,4,1,4.234135667,5,2,5,2,2,5,4,1,4,4,3,4,4,3,1,3,4,K227,4.255288111,4.75,5.666666667,4.666666667,3
E131,Q,0,0,1973,8,21,2011,1985,2007,1988,2012,1988,2007,1997.5,15,34,24.5,1,4,1,4,4,4,5,5,1,5,1,4,5,2,1,5,4,1,4,4,5,5,5,3,0,1,4,1,4,4,4,5,5,1,5,1,4,5,2,1,5,4,1,4,4,5,5,5,3,E131,3,4.75,6.333333333,4.666666667,2.5
Q450,N,0,0,1984,8,21,2011,1988,2011,1998,2012,1998,2011,2004.5,14,27,20.5,1,5,2,6,5,4,3,4,2,6,1,3,5,4,4,5,3,5,4,6,2,3,5,3,0,1,5,2,6,5,4,3,4,2,6,1,3,5,4,4,5,3,5,4,6,2,3,5,3,Q450,3.666666667,4.25,4,5.666666667,2
G74,N,1,0,1998,8,21,2011,1988,2011,1998,2012,1998,2011,2004.5,0,13,6.5,2,3,2,5,6,4,6,4,2,5,1,3,4,3,4,5,3,2,4,3,4,2,6,4,0,2,3,2,5,6,4,6,4,2,5,1,3,4,3,4,5,3,2,4,3,4,2,6,4,G74,2.666666667,4.25,4.666666667,5,1.5
K135,W,1,0,1976,8,20,2011,2002,2011,1993,2004,2002,2004,2003,26,28,27,7,2,5,5,4,6,2,6,3,6,6,6,5,3,6,6,3,6,6,5,6,4,7,6,0,7,2,5,5,4,6,2,6,3,6,6,6,5,3,6,6,3,6,6,5,6,4,7,6,K135,6,5.5,3.666666667,5.666666667,5
E421,N,1,0,1997,8,21,2011,1988,2011,1997,2012,1997,2011,2004,0,14,7,5,2,5,3,4,3,2,5,4,5,6,4,5,3,4,5,6,4,2,5,4,2,4,6,0,5,2,5,3,4,3,2,5,4,5,6,4,5,3,4,5,6,4,2,5,4,2,4,6,E421,5.333333333,5.25,3.666666667,4.333333333,5
Y235,N,0,0,1985,8,21,2011,1988,2011,1996,2012,1996,2011,2003.5,11,26,18.5,5,4,6,3,4,3,3,5,3,4,6,5,6,5,2,5,4,6,5,5,3,4,5,6,0,5,4,6,3,4,3,3,5,3,4,6,5,6,5,2,5,4,6,5,5,3,4,5,6,Y235,5.333333333,4.25,3.666666667,4,5
M37,N,1,0,1989,8,21,2011,1988,2011,1995,2012,1995,2011,2003,6,22,14,7,2,3,6,5,4,2,6,3,6,5,4,6,5,3,4,5,4,3,5,4,4,5,4,0,7,2,3,6,5,4,2,6,3,6,5,4,6,5,3,4,5,4,3,5,4,4,5,4,M37,6.333333333,5,4.666666667,5.333333333,4
N251,N,0,0,1965,8,21,2011,1988,2011,1995,2010,1995,2010,2002.5,30,45,37.5,5,4,3,6,6,3,2,4,3,5,4,3,6,4,2,5,4,3,4,5,6,4,6,3,0,5,4,3,6,6,3,2,4,3,5,4,3,6,4,2,5,4,3,4,5,6,4,6,3,N251,5.666666667,4.25,5.666666667,5.333333333,3
X213,N,0,0,1984,8,21,2011,1988,2011,1994,2012,1994,2011,2002.5,10,27,18.5,7,5,5,3,4,3,2,5,4,5,6,4,5,3,4,3,2,6,4,6,4,5,6,4,0,7,5,5,3,4,3,2,5,4,5,6,4,5,3,4,3,2,6,4,6,4,5,6,4,X213,6,4.75,3.666666667,3.666666667,5
K58,N,0,0,1992,8,21,2011,1988,2011,1994,2012,1994,2011,2002.5,2,19,10.5,5,4,5,2,3,4,5,4,6,4,5,2,4,3,7,3,5,3,5,4,5,6,3,2,0,5,4,5,2,3,4,5,4,6,4,5,2,4,3,7,3,5,3,5,4,5,6,3,2,K58,4,4.25,3,3,5
K227,N,0,0,1980,8,21,2011,1988,2011,1993,2012,1993,2011,2002,13,31,22,3,4,2,4,4,5,4,3,2,5,6,4,7,3,2,5,3,4,3,6,2,3,5,4,0,3,4,2,4,4,5,4,3,2,5,6,4,7,3,2,5,3,4,3,6,2,3,5,4,K227,4.666666667,4.5,4.666666667,4.666666667,5
E131,N,0,0,1973,8,21,2011,1988,2011,1988,2012,1988,2011,1999.5,15,38,26.5,3,4,3,5,5,3,4,5,2,6,4,2,5,4,3,4,2,4,5,3,4,2,5,3,0,3,4,3,5,5,3,4,5,2,6,4,2,5,4,3,4,2,4,5,3,4,2,5,3,E131,4,4,4.666666667,5,3.5
A341,N,1,0,1986,8,21,2011,1988,2011,1986,2012,1988,2011,1999.5,2,25,13.5,7,2,5,3,5,7,3,6,3,6,7,5,7,4,4,5,3,6,7,6,5,4,2,5,0,7,2,5,3,5,7,3,6,3,6,7,5,7,4,4,5,3,6,7,6,5,4,2,5,A341,6.333333333,5.5,4,4.666666667,5
K199,A,0,0,1997,8,21,2011,1997,2011,2001,2009,2001,2009,2005,4,12,8,4,3,2,5,5,4,5,6,2,5,3,3,5,4,1,4,4,4,3,3,2,2,5,3,0,4,3,2,5,5,4,5,6,2,5,3,3,5,4,1,4,4,4,3,3,2,2,5,3,K199,4,4.5,5,4.666666667,3
E274,M,1,0,1996,8,20,2011,2003,2011,1996,2005,2003,2005,2004,7,9,8,1,1,7,1,2,7,5,7,1,7,5,7,4,1,1,7,1,4,7,7,1,1,1,7,0,1,1,7,1,2,7,5,7,1,7,5,7,4,1,1,7,1,4,7,7,1,1,1,7,E274,2.666666667,7,3,5,5.5
N108,A,0,0,1988,8,21,2011,1997,2011,1993,2005,1997,2005,2001,9,17,13,1,5,1,6,1,1,5,2,2,4,1,1,5,5,1,6,4,1,5,1,1,5,1,4,0,1,5,1,6,1,1,5,2,2,4,1,1,5,5,1,6,4,1,5,1,1,5,1,4,N108,3,2.25,5,5.333333333,4
O198,A,1,0,2001,8,21,2011,1997,2011,2001,2012,2001,2011,2006,0,10,5,5,1,6,3,2,7,1,7,3,4,7,7,5,6,6,5,5,6,3,1,4,1,7,7,0,5,1,6,3,2,7,1,7,3,4,7,7,5,6,6,5,5,6,3,1,4,1,7,7,O198,5.666666667,4.25,2.666666667,4,6.5
Q454,A,1,0,2000,8,21,2011,1997,2011,2001,2012,2001,2011,2006,1,11,6,1,4,1,7,7,3,5,5,1,7,2,4,5,4,2,5,4,2,3,5,6,3,6,3,0,1,4,1,7,7,3,5,5,1,7,2,4,5,4,2,5,4,2,3,5,6,3,6,3,Q454,3,4.5,6.333333333,6.333333333,1.5
Q450,A,0,0,1984,8,21,2011,1997,2011,1998,2012,1998,2011,2004.5,14,27,20.5,1,7,7,5,6,7,1,7,3,1,1,1,4,7,1,7,7,1,5,7,7,1,1,1,0,1,7,7,5,6,7,1,7,3,1,1,1,4,7,1,7,7,1,5,7,7,1,1,1,Q450,4,4,5,4.333333333,1.5
G74,A,1,0,1998,8,21,2011,1997,2011,1998,2012,1998,2011,2004.5,0,13,6.5,1,4,1,7,7,4,5,7,1,7,1,1,7,6,1,5,1,1,4,5,5,4,6,2,0,1,4,1,7,7,4,5,7,1,7,1,1,7,6,1,5,1,1,4,5,5,4,6,2,G74,3.666666667,4.5,6.333333333,6.333333333,1
E421,A,1,0,1997,8,21,2011,1997,2011,1997,2012,1997,2011,2004,0,14,7,7,1,7,1,1,5,1,1,5,5,7,7,2,4,6,6,2,6,1,5,7,1,7,5,0,7,1,7,1,1,5,1,1,5,5,7,7,2,4,6,6,2,6,1,5,7,1,7,5,E421,5.333333333,4.25,3.333333333,4,7
Y235,A,0,0,1985,8,21,2011,1997,2011,1996,2012,1997,2011,2004,12,26,19,7,5,7,1,1,7,1,1,1,1,7,5,7,7,1,7,4,7,1,5,5,1,7,7,0,7,5,7,1,1,7,1,1,1,1,7,5,7,7,1,7,4,7,1,5,5,1,7,7,Y235,7,2.5,4.333333333,3,7
M37,A,1,0,1989,8,21,2011,1997,2011,1995,2012,1997,2011,2004,8,22,15,7,1,4,5,5,3,1,1,4,6,4,4,5,1,2,6,1,1,1,1,6,1,7,4,0,7,1,4,5,5,3,1,1,4,6,4,4,5,1,2,6,1,1,1,1,6,1,7,4,M37,6.333333333,4,5.333333333,5.666666667,3.5
N251,A,0,0,1965,8,21,2011,1997,2011,1995,2010,1997,2010,2003.5,32,45,38.5,1,5,2,4,6,3,4,3,3,5,1,1,7,6,1,4,4,1,1,5,5,5,6,1,0,1,5,2,4,6,3,4,3,3,5,1,1,7,6,1,4,4,1,1,5,5,5,6,1,N251,4,3.25,6,4.333333333,1.5
X213,A,0,0,1984,8,21,2011,1997,2011,1994,2012,1997,2011,2004,13,27,20,2,1,1,4,5,4,1,1,1,3,3,3,5,4,2,5,4,4,2,5,5,1,1,4,0,2,1,1,4,5,4,1,1,1,3,3,3,5,4,2,5,4,4,2,5,5,1,1,4,X213,4.666666667,4.25,6,4,3
N251,W,0,0,1965,8,20,2011,2002,2011,1995,2010,2002,2010,2006,37,45,41,3,4,4,6,3,3,3,4,5,5,4,5,6,5,4,4,4,4,2,3,3,3,4,6,0,3,4,4,6,3,3,3,4,5,5,4,5,6,5,4,4,4,4,2,3,3,3,4,6,N251,4.666666667,3.5,3.666666667,5,4.5
K58,A,0,0,1992,8,21,2011,1997,2011,1994,2012,1997,2011,2004,5,19,12,2,1,5,4,2,5,1,5,4,2,7,7,4,5,5,6,1,7,5,5,4,1,7,7,0,2,1,5,4,2,5,1,5,4,2,7,7,4,5,5,6,1,7,5,5,4,1,7,7,K58,4.333333333,5,3.333333333,4,6.5
A341,A,1,0,1986,8,21,2011,1997,2011,1986,2012,1997,2011,2004,11,25,18,5,4,4,5,5,5,1,2,1,7,6,4,7,5,2,7,1,4,3,6,5,1,5,4,0,5,4,4,5,5,5,1,2,1,7,6,4,7,5,2,7,1,4,3,6,5,1,5,4,A341,6.333333333,3.75,5,6.333333333,4.5
K227,A,0,0,1980,8,21,2011,1997,2011,1993,2012,1997,2011,2004,17,31,24,1,3,1,5,2,5,5,3,5,3,1,1,5,3,1,6,4,1,5,6,2,5,2,2,0,1,3,1,5,2,5,5,3,5,3,1,1,5,3,1,6,4,1,5,6,2,5,2,2,K227,3,4.75,5.333333333,4.666666667,3.5
A364,A,0,0,1992,8,21,2011,1997,2011,1992,2003,1997,2003,2000,5,11,8,2,1,1,2,6,4,4,6,2,4,3,6,5,4,4,5,4,4,1,5,5,4,3,6,0,2,1,1,2,6,4,4,6,2,4,3,6,5,4,4,5,4,4,1,5,5,4,3,6,A364,3.666666667,5.5,5.333333333,3.666666667,2.5
E131,A,0,0,1973,8,21,2011,1997,2011,1988,2012,1997,2011,2004,24,38,31,3,5,2,6,6,3,5,4,3,4,1,1,5,3,3,3,5,2,4,5,3,5,3,3,0,3,5,2,6,6,3,5,4,3,4,1,1,5,3,3,3,5,2,4,5,3,5,3,3,E131,3.666666667,4.25,4.666666667,4.333333333,1.5
E274,A,1,0,1996,8,21,2011,1997,2011,1996,2005,1997,2005,2001,1,9,5,4,1,1,6,6,4,4,7,1,7,3,5,6,5,1,6,3,2,3,2,2,2,5,3,0,4,1,1,6,6,4,4,7,1,7,3,5,6,5,1,6,3,2,3,2,2,2,5,3,E274,4.666666667,4.75,5.333333333,6.333333333,2.5
T137,M,0,0,2005,8,22,2011,2003,2011,2005,2012,2005,2011,2008,0,6,3,3,1,1,4,1,1,4,1,1,1,3,7,4,1,1,3,2,4,4,1,1,4,4,7,0,3,1,1,4,1,1,4,1,1,1,3,7,4,1,1,3,2,4,4,1,1,4,4,7,T137,3.666666667,4,5,2.666666667,5
Y207,M,0,0,2004,8,22,2011,2003,2011,2004,2012,2004,2011,2007.5,0,7,3.5,1,7,1,1,1,1,7,3,1,4,1,2,4,7,1,4,2,1,7,2,1,2,1,1,0,1,7,1,1,1,1,7,3,1,4,1,2,4,7,1,4,2,1,7,2,1,2,1,1,Y207,2,1.75,5,3,4
J499,M,0,0,1991,8,22,2011,2003,2011,2004,2012,2004,2011,2007.5,13,20,16.5,1,7,1,6,4,1,1,1,1,7,1,4,4,7,1,4,1,4,4,1,3,3,1,2,0,1,7,1,6,4,1,1,1,1,7,1,4,4,7,1,4,1,4,4,1,3,3,1,2,J499,4,1,5.666666667,5.666666667,2.5
W394,M,1,0,2001,8,22,2011,2003,2011,2002,2012,2003,2011,2007,2,10,6,4,1,4,1,1,4,1,6,1,7,6,4,6,7,1,7,1,4,1,7,1,1,4,7,0,4,1,4,1,1,4,1,6,1,7,6,4,6,7,1,7,1,4,1,7,1,1,4,7,W394,5.666666667,5.25,4,5,6.5
X213,W,0,0,1984,8,20,2011,2002,2011,1994,2012,2002,2011,2006.5,18,27,22.5,6,3,3,5,4,3,5,6,5,6,4,4,6,5,6,5,3,3,6,7,4,3,6,6,0,6,3,3,5,4,3,5,6,5,6,4,4,6,5,6,5,3,3,6,7,4,3,6,6,X213,5,5.25,3.666666667,5.333333333,4
N101,M,1,0,2001,8,22,2011,2003,2011,2001,2012,2003,2011,2007,2,10,6,2,1,4,1,1,4,1,6,1,5,6,7,4,1,1,7,1,7,4,6,4,1,4,6,0,2,1,4,1,1,4,1,6,1,5,6,7,4,1,1,7,1,7,4,6,4,1,4,6,N101,4.333333333,6.5,5,4.333333333,6.5
E182,M,0,0,1986,8,22,2011,2003,2011,2001,2011,2003,2011,2007,17,25,21,5,7,7,1,4,4,1,2,1,4,4,2,4,6,1,7,1,1,4,7,4,1,4,4,0,5,7,7,1,4,4,1,2,1,4,4,2,4,6,1,7,1,1,4,7,4,1,4,4,E182,5.333333333,3,4,4,4
O198,M,1,0,2001,8,22,2011,2003,2011,2001,2012,2003,2011,2007,2,10,6,2,1,4,1,1,5,3,7,1,4,6,7,4,7,1,7,1,4,1,7,2,1,4,7,0,2,1,4,1,1,5,3,7,1,4,6,7,4,7,1,7,1,4,1,7,2,1,4,7,O198,3.666666667,5.5,4.333333333,4,6.5
Q454,M,1,0,2000,8,22,2011,2003,2011,2001,2012,2003,2011,2007,3,11,7,1,1,4,1,1,1,4,7,1,3,7,4,4,1,1,7,1,4,5,7,1,1,4,4,0,1,1,4,1,1,1,4,7,1,3,7,4,4,1,1,7,1,4,5,7,1,1,4,4,Q454,3,7,4,3.666666667,7
Q450,M,0,0,1984,8,22,2011,2003,2011,1998,2012,2003,2011,2007,19,27,23,1,6,4,7,4,2,1,2,1,7,1,4,7,5,1,7,1,4,7,7,1,3,4,1,0,1,6,4,7,4,2,1,2,1,7,1,4,7,5,1,7,1,4,7,7,1,3,4,1,Q450,5,3.5,4,7,2.5
T137,N,0,0,2005,8,24,2011,1988,2011,2005,2012,2005,2011,2008,0,6,3,4,2,5,4,4,5,4,6,4,4,5,4,3,4,5,4,5,4,6,4,5,3,4,5,0,4,2,5,4,4,5,4,6,4,4,5,4,3,4,5,4,5,4,6,4,5,3,4,5,T137,3.666666667,5,3.666666667,4,4.5
Y207,N,0,0,2004,8,24,2011,1988,2011,2004,2012,2004,2011,2007.5,0,7,3.5,1,2,1,5,6,3,5,4,3,5,2,3,4,3,4,5,4,3,2,4,4,3,6,4,0,1,2,1,5,6,3,5,4,3,5,2,3,4,3,4,5,4,3,2,4,4,3,6,4,Y207,2.666666667,4.75,5,5,2
J499,N,0,0,1991,8,24,2011,1988,2011,2004,2012,2004,2011,2007.5,13,20,16.5,3,4,3,5,6,4,3,5,3,6,5,3,5,4,2,4,3,4,3,6,5,4,5,3,0,3,4,3,5,6,4,3,5,3,6,5,3,5,4,2,4,3,4,3,6,5,4,5,3,J499,4.333333333,4.75,5.333333333,5,3.5
W394,N,1,0,2001,8,24,2011,1988,2011,2002,2012,2002,2011,2006.5,1,10,5.5,4,3,2,6,5,4,5,5,3,6,4,5,6,4,1,4,5,3,4,5,3,4,6,4,0,4,3,2,6,5,4,5,5,3,6,4,5,6,4,1,4,5,3,4,5,3,4,6,4,W394,4.333333333,4.75,5.333333333,5.333333333,3.5
N101,N,1,0,2001,8,24,2011,1988,2011,2001,2012,2001,2011,2006,0,10,5,7,2,5,3,4,5,4,6,5,4,6,5,4,5,3,5,6,4,6,4,5,4,4,5,0,7,2,5,3,4,5,4,6,5,4,6,5,4,5,3,5,6,4,6,4,5,4,4,5,N101,5,4.75,4.333333333,4,5
